Country Name,Year,GDP per capita (current US$),Bachelor ,lower secondary,post-secondary,primary,short-cycle tertiary,upper secondary,Master,Doctoral
Argentina,1970 [YR1970],1322.714542,..,17.10000038,..,48.59999847,2.5,..,..,..
Argentina,1971 [YR1971],1372.507466,..,..,..,..,..,..,..,..
Argentina,1972 [YR1972],1409.370973,..,..,..,..,..,..,..,..
Argentina,1973 [YR1973],2097.89945,..,..,..,..,..,..,..,..
Argentina,1974 [YR1974],2844.969905,..,..,..,..,..,..,..,..
Argentina,1975 [YR1975],2026.684358,..,..,..,..,..,..,..,..
Argentina,1976 [YR1976],1946.919904,..,..,..,..,..,..,..,..
Argentina,1977 [YR1977],2126.48546,..,..,..,..,..,..,..,..
Argentina,1978 [YR1978],3282.063044,..,..,..,..,..,..,..,..
Argentina,1979 [YR1979],2511.973329,..,..,..,..,..,..,..,..
Argentina,1980 [YR1980],2747.502275,..,25.89999962,..,61.09999847,5.800000191,..,..,..
Argentina,1981 [YR1981],2764.086414,..,..,..,..,..,..,..,..
Argentina,1982 [YR1982],2914.767085,..,..,..,..,..,..,..,..
Argentina,1983 [YR1983],3537.747346,..,..,..,..,..,..,..,..
Argentina,1984 [YR1984],3915.034926,..,..,..,..,..,..,..,..
Argentina,1985 [YR1985],2905.775655,..,..,..,..,..,..,..,..
Argentina,1986 [YR1986],3436.078195,..,..,..,..,..,..,..,..
Argentina,1987 [YR1987],3477.30132,..,..,..,..,..,..,..,..
Argentina,1988 [YR1988],3992.703302,..,..,..,..,..,..,..,..
Argentina,1989 [YR1989],2374.573216,..,..,..,..,..,..,..,..
Argentina,1990 [YR1990],4315.333294,..,..,..,..,..,..,..,..
Argentina,1991 [YR1991],5709.247841,..,36.27000046,..,70.95999908,11.76000023,..,..,..
Argentina,1992 [YR1992],6789.996111,..,..,..,..,..,..,..,..
Argentina,1993 [YR1993],6931.855964,..,..,..,..,..,..,..,..
Argentina,1994 [YR1994],7437.562423,..,..,..,..,..,..,..,..
Argentina,1995 [YR1995],7357.616277,..,..,..,..,..,..,..,..
Argentina,1996 [YR1996],7663.212713,..,..,..,..,..,..,..,..
Argentina,1997 [YR1997],8146.7871,..,..,..,..,..,..,..,..
Argentina,1998 [YR1998],8218.992128,..,..,..,..,..,..,..,..
Argentina,1999 [YR1999],7705.542883,..,..,..,..,..,..,..,..
Argentina,2000 [YR2000],7637.014892,..,..,..,..,..,..,..,..
Argentina,2001 [YR2001],7141.475077,..,46.09999847,..,80.44999695,12.77999973,35.93999863,..,..
Argentina,2002 [YR2002],2569.699635,..,..,..,..,..,..,..,..
Argentina,2003 [YR2003],3320.477751,..,56.18999863,..,89.40000153,15.30000019,43.90999985,..,..
Argentina,2004 [YR2004],4242.020991,..,..,..,..,..,..,..,..
Argentina,2005 [YR2005],5067.653423,..,..,..,..,..,..,..,..
Argentina,2006 [YR2006],5869.38029,..,..,..,..,..,..,..,..
Argentina,2007 [YR2007],7185.251551,..,..,..,..,..,..,..,..
Argentina,2008 [YR2008],8944.110266,..,..,..,..,..,..,..,..
Argentina,2009 [YR2009],8150.23527,..,..,..,..,..,..,..,..
Argentina,2010 [YR2010],10260.13131,..,..,..,..,..,..,..,..
Argentina,2011 [YR2011],12704.28318,..,..,..,..,..,..,..,..
Argentina,2012 [YR2012],12949.71749,..,..,..,..,..,..,..,..
Argentina,2013 [YR2013],12963.67577,..,..,..,..,..,..,..,..
Argentina,2014 [YR2014],12233.14441,..,..,..,..,..,..,..,..
Argentina,2015 [YR2015],13679.6265,..,..,..,..,..,..,..,..
Argentina,2016 [YR2016],12699.96231,..,..,..,..,..,..,..,..
Argentina,2017 [YR2017],14532.50093,..,..,..,..,..,..,..,..
Argentina,2018 [YR2018],11752.79989,..,..,..,..,..,..,..,..
Argentina,2019 [YR2019],9955.974787,..,..,..,..,..,..,..,..
Argentina,2020 [YR2020],8535.59938,..,..,..,..,..,..,..,..
Argentina,2021 [YR2021],10738.01792,..,..,..,..,..,..,..,..
Argentina,2022 [YR2022],13935.68111,..,..,..,..,..,..,..,..
Argentina,2023 [YR2023],14187.48273,..,..,..,..,..,..,..,..
Bolivia,1970 [YR1970],219.3531895,..,..,..,..,..,..,..,..
Bolivia,1971 [YR1971],231.0582967,..,..,..,..,..,..,..,..
Bolivia,1972 [YR1972],267.8941345,..,..,..,..,..,..,..,..
Bolivia,1973 [YR1973],257.3418598,..,..,..,..,..,..,..,..
Bolivia,1974 [YR1974],418.3793847,..,..,..,..,..,..,..,..
Bolivia,1975 [YR1975],468.2981482,..,..,..,..,..,..,..,..
Bolivia,1976 [YR1976],519.9946885,..,17.12999916,..,..,3.279999971,8.899999619,..,..
Bolivia,1977 [YR1977],600.2882231,..,..,..,..,..,..,..,..
Bolivia,1978 [YR1978],683.142437,..,..,..,..,..,..,..,..
Bolivia,1979 [YR1979],801.033734,..,..,..,..,..,..,..,..
Bolivia,1980 [YR1980],772.7795239,..,..,..,..,..,..,..,..
Bolivia,1981 [YR1981],981.381289,..,..,..,..,..,..,..,..
Bolivia,1982 [YR1982],930.5930098,..,..,..,..,..,..,..,..
Bolivia,1983 [YR1983],880.4611795,..,..,..,..,..,..,..,..
Bolivia,1984 [YR1984],982.0812102,..,..,..,..,..,..,..,..
Bolivia,1985 [YR1985],838.0800517,..,..,..,..,..,..,..,..
Bolivia,1986 [YR1986],604.2573383,..,..,..,..,..,..,..,..
Bolivia,1987 [YR1987],649.7087694,..,..,..,..,..,..,..,..
Bolivia,1988 [YR1988],672.6071728,..,..,..,..,..,..,..,..
Bolivia,1989 [YR1989],675.4699939,..,..,..,..,..,..,..,..
Bolivia,1990 [YR1990],682.6768103,..,..,..,..,..,..,..,..
Bolivia,1991 [YR1991],733.9354876,..,..,..,..,..,..,..,..
Bolivia,1992 [YR1992],759.571135,..,37,8.670000076,43.43999863,8.670000076,23.21999931,..,..
Bolivia,1993 [YR1993],756.637016,..,..,..,..,..,..,..,..
Bolivia,1994 [YR1994],774.0356696,..,..,..,..,..,..,..,..
Bolivia,1995 [YR1995],852.7540349,..,..,..,..,..,..,..,..
Bolivia,1996 [YR1996],922.1132591,..,..,..,..,..,..,..,..
Bolivia,1997 [YR1997],970.3518434,..,..,..,..,..,..,..,..
Bolivia,1998 [YR1998],1022.145065,..,..,..,..,..,..,..,..
Bolivia,1999 [YR1999],979.344495,..,..,..,..,..,..,..,..
Bolivia,2000 [YR2000],975.7770604,..,36.99000168,..,43.77999878,..,26.04000092,..,..
Bolivia,2001 [YR2001],930.1682272,..,35.25,14.94999981,41.45999908,11.93000031,25.19000053,..,..
Bolivia,2002 [YR2002],888.221329,..,33.72999954,..,41.52000046,..,22.55999947,..,..
Bolivia,2003 [YR2003],893.0137602,..,..,..,..,..,..,..,..
Bolivia,2004 [YR2004],953.1918932,..,32.68000031,..,40.04000092,..,21.95999908,..,..
Bolivia,2005 [YR2005],1020.123262,..,38.11000061,..,45.16999817,..,26.94000053,..,..
Bolivia,2006 [YR2006],1202.711504,..,41.43000031,19.20000076,48.22999954,19.20000076,30.47999954,..,..
Bolivia,2007 [YR2007],1354.549059,..,43.06999969,..,48.72000122,..,31.68000031,..,..
Bolivia,2008 [YR2008],1692.672485,..,43.72999954,18.69000053,49.65999985,18.69000053,32.31999969,..,..
Bolivia,2009 [YR2009],1731.181721,..,45.49000168,21.03000069,51.70999908,21.03000069,33.91999817,..,..
Bolivia,2010 [YR2010],1929.783731,..,..,..,..,..,..,..,..
Bolivia,2011 [YR2011],2315.521219,14.69091129,48.27999878,14.69091129,54.24000168,14.69091129,37.06000137,0.728583217,0
Bolivia,2012 [YR2012],2575.598571,11.57649422,50.15999985,22.77000046,56.04000092,22.77000046,38.25,1.470000029,0.209999993
Bolivia,2013 [YR2013],2870.02377,12.80473614,53.34000015,12.80473614,58.88000107,12.80473614,42.25999832,0.740870237,0.100402176
Bolivia,2014 [YR2014],3041.435031,11.87136173,49.59000015,11.87136173,55.22999954,11.87136173,37.95999908,0.737624109,0.086250812
Bolivia,2015 [YR2015],2996.012898,21.07999992,50.81000137,26,56.25,26,38.49000168,0.810000002,0.159999996
Bolivia,2016 [YR2016],3035.873478,13.0258522,51.79999924,18.28683853,56.77999878,18.17449951,39.36000061,0.530681908,0.052663367
Bolivia,2017 [YR2017],3306.303012,13.91572571,52.91999817,20.73617363,58.11999893,20.62702942,41.70999908,0.601529062,0.057032522
Bolivia,2018 [YR2018],3500.726422,14.17947102,53.47999954,22.22143745,58.75,22.0802536,41.50999832,0.644439876,0.037587818
Bolivia,2019 [YR2019],3503.896011,23.43000031,57.31000137,29.62999916,62.86999893,29.62999916,44.63000107,1.120000005,0.109999999
Bolivia,2020 [YR2020],3099.94219,25.59000015,58.08000183,30.05999947,62.74000168,30.05999947,47.84000015,0.75,0.07
Bolivia,2021 [YR2021],3384.844865,16.35676193,58.40999985,27.60950851,64.08000183,27.57019043,45.86999893,1.344408274,0.045419425
Bolivia,2022 [YR2022],3643.92827,17.56173897,56.2663002,30.0802002,69.59677887,30.0802002,47.76402283,1.207460284,0.038934462
Bolivia,2023 [YR2023],3686.279965,18.2518959,57.39128113,..,69.99136353,31.28604317,48.85704041,1.348051667,0.046770733
Brazil,1970 [YR1970],443.799485,..,10.27000046,..,29.26000023,1.019999981,5.03000021,..,..
Brazil,1971 [YR1971],500.001989,..,..,..,..,..,..,..,..
Brazil,1972 [YR1972],583.4920349,..,..,..,..,..,..,..,..
Brazil,1973 [YR1973],814.7317806,..,..,..,..,..,..,..,..
Brazil,1974 [YR1974],1044.769809,..,..,..,..,..,..,..,..
Brazil,1975 [YR1975],1200.558237,..,..,..,..,..,..,..,..
Brazil,1976 [YR1976],1389.749523,..,9.199999809,..,13.19999981,3.200000048,..,..,..
Brazil,1977 [YR1977],1562.29143,..,..,..,..,..,..,..,..
Brazil,1978 [YR1978],1732.500122,..,..,..,..,..,..,..,..
Brazil,1979 [YR1979],1869.713376,..,..,..,..,..,..,..,..
Brazil,1980 [YR1980],1958.571592,..,11.31000042,..,15.93000031,4.139999866,..,..,..
Brazil,1981 [YR1981],2079.709084,..,..,..,..,..,..,..,..
Brazil,1982 [YR1982],2137.625036,..,..,..,..,..,..,..,..
Brazil,1983 [YR1983],1461.255827,..,..,..,..,..,..,..,..
Brazil,1984 [YR1984],1419.731546,..,..,..,..,..,..,..,..
Brazil,1985 [YR1985],1556.129718,..,..,..,..,..,..,..,..
Brazil,1986 [YR1986],1854.037752,..,..,..,..,..,..,..,..
Brazil,1987 [YR1987],2006.002262,..,..,..,..,..,..,..,..
Brazil,1988 [YR1988],2140.650276,..,..,..,..,..,..,..,..
Brazil,1989 [YR1989],2818.99278,..,..,..,..,..,..,..,..
Brazil,1990 [YR1990],3117.735347,..,..,..,..,..,..,..,..
Brazil,1991 [YR1991],2257.609297,..,..,..,..,..,..,..,..
Brazil,1992 [YR1992],2127.316427,..,..,..,..,..,..,..,..
Brazil,1993 [YR1993],2348.882477,..,..,..,..,..,..,..,..
Brazil,1994 [YR1994],3298.712507,..,..,..,..,..,..,..,..
Brazil,1995 [YR1995],4756.748408,..,..,..,..,..,..,..,..
Brazil,1996 [YR1996],5179.13052,..,..,..,..,..,..,..,..
Brazil,1997 [YR1997],5299.396304,..,..,..,..,..,..,..,..
Brazil,1998 [YR1998],5105.890995,..,..,..,..,..,..,..,..
Brazil,1999 [YR1999],3493.571625,..,..,..,..,..,..,..,..
Brazil,2000 [YR2000],3766.548115,..,..,..,..,..,..,..,..
Brazil,2001 [YR2001],3176.289357,..,38.27000046,..,66.86000061,..,26.12000084,..,..
Brazil,2002 [YR2002],2855.940189,..,39.81999969,..,68.19000244,..,27.69000053,..,..
Brazil,2003 [YR2003],3090.60701,..,41.56000137,..,69.23000336,..,29.11000061,..,..
Brazil,2004 [YR2004],3663.823188,..,42.86999893,..,70.05000305,8.630000114,30.40999985,..,..
Brazil,2005 [YR2005],4827.781731,..,43.95000076,..,70.94999695,..,31.5,..,..
Brazil,2006 [YR2006],5934.144711,..,46.20999908,..,72.66000366,9.119999886,33.58000183,..,..
Brazil,2007 [YR2007],7409.691307,..,48.06999969,..,73.54000092,10.14000034,34.93999863,..,..
Brazil,2008 [YR2008],8908.331766,..,50.22000122,..,74.51999664,10.84000015,36.66999817,..,..
Brazil,2009 [YR2009],8678.659225,..,51.02000046,..,75.37999725,11.56999969,38.27000046,..,..
Brazil,2010 [YR2010],11403.28213,..,52.02000046,..,..,12.51000023,37.59000015,..,..
Brazil,2011 [YR2011],13396.62436,..,54.52000046,..,75.90000153,12.64999962,40.93000031,..,..
Brazil,2012 [YR2012],12521.72135,..,55.68999863,..,78.33000183,13.25,42.25,..,..
Brazil,2013 [YR2013],12458.89121,..,57.11999893,..,78.58000183,13.98999977,43.72999954,..,..
Brazil,2014 [YR2014],12274.99397,..,57.65999985,..,79.19999695,14.69999981,44.50999832,..,..
Brazil,2015 [YR2015],8936.196618,..,58.86000061,..,79.88999939,15.06000042,45.68000031,..,..
Brazil,2016 [YR2016],8836.286526,16.92000008,61.38999939,..,82.15000153,16.92000008,48.75,0.74000001,0.170000002
Brazil,2017 [YR2017],10080.50928,17.54000092,62,..,83.19000244,17.54000092,49.45000076,0.75999999,0.180000007
Brazil,2018 [YR2018],9300.661649,18.29000092,63.20000076,..,84.23000336,18.29000092,51.22999954,0.899999976,0.209999993
Brazil,2019 [YR2019],9029.833267,..,64.45999908,..,84.75,..,52.40999985,..,..
Brazil,2020 [YR2020],7074.193783,..,66.66000366,..,86.26999664,..,54.95000076,..,..
Brazil,2021 [YR2021],7972.53665,..,67.40000153,..,86.56999969,..,55.47000122,..,..
Brazil,2022 [YR2022],9281.333344,..,67.87000275,..,86.43000031,23.14093399,56.06999969,..,0.246444315
Brazil,2023 [YR2023],10294.86668,..,69.95471191,..,86.12598419,23.56964493,61.50322723,..,0.25189355
Chile,1970 [YR1970],928.7753106,..,29,..,..,2.5,..,..,..
Chile,1971 [YR1971],1086.555074,..,..,..,..,..,..,..,..
Chile,1972 [YR1972],1163.074103,..,..,..,..,..,..,..,..
Chile,1973 [YR1973],1627.253567,..,..,..,..,..,..,..,..
Chile,1974 [YR1974],1542.925527,..,..,..,..,..,..,..,..
Chile,1975 [YR1975],714.1946235,..,..,..,..,..,..,..,..
Chile,1976 [YR1976],953.9015123,..,..,..,..,..,..,..,..
Chile,1977 [YR1977],1268.962883,..,..,..,..,..,..,..,..
Chile,1978 [YR1978],1431.350138,..,..,..,..,..,..,..,..
Chile,1979 [YR1979],1922.977189,..,..,..,..,..,..,..,..
Chile,1980 [YR1980],2523.055456,..,..,..,..,..,..,..,..
Chile,1981 [YR1981],2954.937434,..,..,..,..,..,..,..,..
Chile,1982 [YR1982],1648.011712,..,33.02999878,..,..,5.949999809,..,..,..
Chile,1983 [YR1983],1693.146767,..,..,..,..,..,..,..,..
Chile,1984 [YR1984],1611.4186,..,..,..,..,..,..,..,..
Chile,1985 [YR1985],1429.38851,..,..,..,..,..,..,..,..
Chile,1986 [YR1986],1501.091407,..,..,..,..,..,..,..,..
Chile,1987 [YR1987],1739.676991,..,..,..,..,..,..,..,..
Chile,1988 [YR1988],2003.363504,..,..,..,..,..,..,..,..
Chile,1989 [YR1989],2265.359377,..,..,..,..,..,..,..,..
Chile,1990 [YR1990],2466.130142,..,..,..,..,..,..,..,..
Chile,1991 [YR1991],2770.079646,..,..,..,..,..,..,..,..
Chile,1992 [YR1992],3309.399239,..,..,..,..,..,..,..,..
Chile,1993 [YR1993],3494.994609,..,..,..,..,..,..,..,..
Chile,1994 [YR1994],3981.390189,..,..,..,..,..,..,..,..
Chile,1995 [YR1995],5055.614062,..,..,..,..,..,..,..,..
Chile,1996 [YR1996],5333.504387,..,..,..,..,..,..,..,..
Chile,1997 [YR1997],5741.95843,..,..,..,..,..,..,..,..
Chile,1998 [YR1998],5419.824173,..,..,..,..,..,..,..,..
Chile,1999 [YR1999],4933.555815,..,..,..,..,..,..,..,..
Chile,2000 [YR2000],5052.992458,..,66.73000336,..,79.34999847,..,42.38000107,..,..
Chile,2001 [YR2001],4563.595299,..,..,..,..,..,..,..,..
Chile,2002 [YR2002],4430.847412,..,..,..,..,..,..,..,..
Chile,2003 [YR2003],4773.401775,..,68.95999908,..,80.69999695,..,44.90999985,..,..
Chile,2004 [YR2004],6120.591521,..,75.30999756,..,86.73000336,12.60999966,49.95000076,..,..
Chile,2005 [YR2005],7480.32331,..,..,..,..,..,..,..,..
Chile,2006 [YR2006],9318.656553,..,69.54000092,..,81.36000061,..,45.56000137,..,..
Chile,2007 [YR2007],10346.41382,..,76.33999634,..,88.76999664,13.86999989,50.08000183,..,..
Chile,2008 [YR2008],10683.21888,..,72.44999695,..,84.66000366,20.18000031,51,..,..
Chile,2009 [YR2009],10098.80172,..,73.45999908,..,83.48000336,..,50.52999878,..,..
Chile,2010 [YR2010],12632.87047,10.65900898,73.55000305,..,83.83999634,17.93000031,51.97999954,0.581263721,0.058040492
Chile,2011 [YR2011],14487.39278,9.850000381,74.01999664,..,84.23000336,14.77000046,51.61000061,0.370000005,0.042555146
Chile,2012 [YR2012],15241.907,11.41712666,75.56320953,16.83385468,84.88105774,11.41712666,53.7369194,0.96777463,0.053754319
Chile,2013 [YR2013],15683.54864,10.98999977,76.08999634,..,85.47000122,17.45000076,54.90999985,0.519999981,0.066401951
Chile,2014 [YR2014],14529.67672,12.59426785,77.53133392,18.18658829,86.05986023,12.59426785,56.25016785,1.182412148,0.08238434
Chile,2015 [YR2015],13433.9203,12.31999969,78.51000214,..,87.04000092,19.32999992,57.95999908,0.939999998,0.062880076
Chile,2016 [YR2016],13649.85205,13.00433922,78.24503326,19.21205139,86.51783752,13.00433922,57.54313278,1.180382371,0.115317747
Chile,2017 [YR2017],14879.90862,14.14000034,79.66000366,..,87.54000092,21.92000008,60.29999924,1.309999943,0.193601742
Chile,2018 [YR2018],15659.48087,14.55063057,80.59999084,21.6640377,87.84420776,14.55063057,60.87902832,1.560489535,0.13143003
Chile,2019 [YR2019],14495.71672,15.43481445,81.3367691,22.83043098,88.41060638,15.43481445,62.10457993,1.568638921,0.152953938
Chile,2020 [YR2020],13114.81547,18.58077049,83.05000305,27.94906807,89.36000061,18.58077049,64.37000275,2.377244473,0.16332294
Chile,2021 [YR2021],16216.57065,18.93096924,85.00179291,27.85404396,90.9673996,18.93096924,66.45059967,2.604084492,0.145410448
Chile,2022 [YR2022],15451.13196,19.5457077,83.19999695,28.12409401,89.76000214,19.5457077,65.98999786,2.822250605,0.14658685
Chile,2023 [YR2023],17067.81362,20.93496323,85.95876312,30.28996086,91.4278717,..,68.22872925,2.925900698,0.14312093
Colombia,1970 [YR1970],345.8791016,..,..,..,..,..,..,..,..
Colombia,1971 [YR1971],366.8251679,..,..,..,..,..,..,..,..
Colombia,1972 [YR1972],397.4121174,..,..,..,..,..,..,..,..
Colombia,1973 [YR1973],462.0643757,..,..,..,..,..,..,..,..
Colombia,1974 [YR1974],541.7499016,..,..,..,..,..,..,..,..
Colombia,1975 [YR1975],561.0980361,..,..,..,..,..,..,..,..
Colombia,1976 [YR1976],643.0079145,..,..,..,..,..,..,..,..
Colombia,1977 [YR1977],798.2030216,..,..,..,..,..,..,..,..
Colombia,1978 [YR1978],932.3926951,..,..,..,..,..,..,..,..
Colombia,1979 [YR1979],1095.031384,..,..,..,..,..,..,..,..
Colombia,1980 [YR1980],1279.501167,..,..,..,..,..,..,..,..
Colombia,1981 [YR1981],1362.183325,..,..,..,..,..,..,..,..
Colombia,1982 [YR1982],1425.399368,..,..,..,..,..,..,..,..
Colombia,1983 [YR1983],1383.792461,..,..,..,..,..,..,..,..
Colombia,1984 [YR1984],1335.528218,..,..,..,..,..,..,..,..
Colombia,1985 [YR1985],1192.218775,..,..,..,..,..,..,..,..
Colombia,1986 [YR1986],1169.462121,..,..,..,..,..,..,..,..
Colombia,1987 [YR1987],1192.588286,..,..,..,..,..,..,..,..
Colombia,1988 [YR1988],1259.617411,..,..,..,..,..,..,..,..
Colombia,1989 [YR1989],1244.326946,..,..,..,..,..,..,..,..
Colombia,1990 [YR1990],1474.845529,..,..,..,..,..,..,..,..
Colombia,1991 [YR1991],1499.711042,..,..,..,..,..,..,..,..
Colombia,1992 [YR1992],1729.663973,..,..,..,..,..,..,..,..
Colombia,1993 [YR1993],1930.059765,..,..,..,..,..,..,..,..
Colombia,1994 [YR1994],2325.975573,..,..,..,..,..,..,..,..
Colombia,1995 [YR1995],2583.349914,..,..,..,..,..,..,..,..
Colombia,1996 [YR1996],2664.456256,..,..,..,..,..,..,..,..
Colombia,1997 [YR1997],2873.200188,..,..,..,..,..,..,..,..
Colombia,1998 [YR1998],2605.999381,..,..,..,..,..,..,..,..
Colombia,1999 [YR1999],2243.64205,..,..,..,..,..,..,..,..
Colombia,2000 [YR2000],2555.00751,..,..,..,..,..,..,..,..
Colombia,2001 [YR2001],2472.99084,..,..,..,..,..,..,..,..
Colombia,2002 [YR2002],2428.929698,..,37.61999893,..,69.51999664,..,31.95000076,..,..
Colombia,2003 [YR2003],2311.942188,..,38.36000061,..,69.87000275,..,33,..,..
Colombia,2004 [YR2004],2818.571954,..,39.91999817,..,71.01000214,14.57999992,34.68000031,..,..
Colombia,2005 [YR2005],3456.066109,..,41.09000015,..,71.91999817,15.21000004,35.54999924,..,..
Colombia,2006 [YR2006],3789.853612,..,38.27000046,..,69.84999847,10.88000011,32.27000046,..,..
Colombia,2007 [YR2007],4769.926147,9.43999958,42.13999939,..,71.51999664,14.68000031,36.56999969,2.309999943,..
Colombia,2008 [YR2008],5541.836297,9.779999733,44.00999832,..,72.37000275,15.47999954,38.54999924,2.220000029,..
Colombia,2009 [YR2009],5250.972924,9.170000076,43.75999832,..,72.25,15.14999962,38.43999863,2.200000048,..
Colombia,2010 [YR2010],6398.295845,9.380000114,44.34000015,..,72.01999664,16.15999985,39.22999954,2.49000001,..
Colombia,2011 [YR2011],7400.99407,9.56000042,45.56999969,..,72.83000183,16.87000084,40.36999893,2.710000038,..
Colombia,2012 [YR2012],8108.598382,9.550000191,46.54999924,..,73.36000061,17.90999985,41.47000122,2.700000048,..
Colombia,2013 [YR2013],8279.102556,10.26000023,48.40000153,..,74.37000275,19.67000008,43.49000168,3.180000067,..
Colombia,2014 [YR2014],8187.208249,10.72999954,49.61000061,..,75.34999847,20.90999985,44.65000153,3.25999999,..
Colombia,2015 [YR2015],6248.514905,10.56000042,50.52999878,..,75.56999969,20.75,45.54999924,3.230000019,..
Colombia,2016 [YR2016],5959.842504,11.28999996,52.36999893,..,76.91999817,21.48999977,47.59999847,3.339999914,..
Colombia,2017 [YR2017],6479.532313,..,53.54999924,..,77.61000061,..,48.79999924,..,..
Colombia,2018 [YR2018],6816.968183,12.34000015,55.00999832,..,78.55999756,22.72999954,50.38000107,3.690000057,..
Colombia,2019 [YR2019],6472.545449,12.68999958,56.56999969,23.19000053,79.93000031,23.19000053,52.00999832,3.819999933,..
Colombia,2020 [YR2020],5339.687114,13.53999996,58.84999847,24.27000046,81.94000244,24.27000046,54.24000168,4,..
Colombia,2021 [YR2021],6222.621644,..,59.29000092,..,81.70999908,..,55.09000015,..,..
Colombia,2022 [YR2022],6674.596019,16.54225922,61.29000092,28.16192627,82.34999847,27.99472046,57.25999832,4.280035496,0.090931885
Colombia,2023 [YR2023],6947.359287,16.96523285,62.17947769,28.61593246,82.88139343,28.46691322,58.14437103,4.659244061,0.101502374
Ecuador,1970 [YR1970],465.0403198,..,..,..,..,..,..,..,..
Ecuador,1971 [YR1971],434.4158803,..,..,..,..,..,..,..,..
Ecuador,1972 [YR1972],487.9720472,..,..,..,..,..,..,..,..
Ecuador,1973 [YR1973],578.9549308,..,..,..,..,..,..,..,..
Ecuador,1974 [YR1974],953.8465583,..,13.39000034,..,63.13999939,1.659999967,13.39000034,..,..
Ecuador,1975 [YR1975],1086.176151,..,..,..,..,..,..,..,..
Ecuador,1976 [YR1976],1241.910985,..,..,..,..,..,..,..,..
Ecuador,1977 [YR1977],1464.940584,..,..,..,..,..,..,..,..
Ecuador,1978 [YR1978],1541.137604,..,..,..,..,..,..,..,..
Ecuador,1979 [YR1979],1783.292806,..,..,..,..,..,..,..,..
Ecuador,1980 [YR1980],2189.784177,..,..,..,..,..,..,..,..
Ecuador,1981 [YR1981],2600.571528,..,..,..,..,..,..,..,..
Ecuador,1982 [YR1982],2314.383545,..,22.46999931,..,53.56999969,5.559999943,14.22000027,..,..
Ecuador,1983 [YR1983],1940.233932,..,..,..,..,..,..,..,..
Ecuador,1984 [YR1984],1863.682135,..,..,..,..,..,..,..,..
Ecuador,1985 [YR1985],1841.779055,..,..,..,..,..,..,..,..
Ecuador,1986 [YR1986],1604.246981,..,..,..,..,..,..,..,..
Ecuador,1987 [YR1987],1426.016292,..,..,..,..,..,..,..,..
Ecuador,1988 [YR1988],1303.779061,..,..,..,..,..,..,..,..
Ecuador,1989 [YR1989],1356.280456,..,..,..,..,..,..,..,..
Ecuador,1990 [YR1990],1455.007485,..,33.90999985,..,77.29000092,11.30000019,33.90999985,..,..
Ecuador,1991 [YR1991],1587.3605,..,..,..,..,..,..,..,..
Ecuador,1992 [YR1992],1655.446132,..,..,..,..,..,..,..,..
Ecuador,1993 [YR1993],1697.888841,..,..,..,..,..,..,..,..
Ecuador,1994 [YR1994],1996.858948,..,..,..,..,..,..,..,..
Ecuador,1995 [YR1995],2108.006982,..,..,..,..,..,..,..,..
Ecuador,1996 [YR1996],2135.847937,..,..,..,..,..,..,..,..
Ecuador,1997 [YR1997],2340.766,..,..,..,..,..,..,..,..
Ecuador,1998 [YR1998],2284.015728,..,..,..,..,..,..,..,..
Ecuador,1999 [YR1999],1575.302347,..,..,..,..,..,..,..,..
Ecuador,2000 [YR2000],1382.234218,..,..,..,..,..,..,..,..
Ecuador,2001 [YR2001],1791.303597,..,40.97000122,..,71.08000183,..,31.19000053,..,..
Ecuador,2002 [YR2002],2059.158554,..,..,..,..,..,..,..,..
Ecuador,2003 [YR2003],2315.622152,..,41.16999817,..,70.43000031,..,31.89999962,..,..
Ecuador,2004 [YR2004],2586.209147,..,..,..,..,..,..,..,..
Ecuador,2005 [YR2005],2909.02606,..,42.25,..,72.65000153,..,32.61999893,..,..
Ecuador,2006 [YR2006],3243.670104,..,42.50999832,..,72.30999756,..,32.58000183,..,..
Ecuador,2007 [YR2007],3478.924888,9.399999619,42.75999832,10.77999973,73.01000214,..,32.86999893,0.389999986,..
Ecuador,2008 [YR2008],4194.757507,9.520000458,42.79000092,10.64999962,73.13999939,..,32.95000076,0.589999974,..
Ecuador,2009 [YR2009],4053.363311,9.710000038,42.79000092,10.77000046,72.84999847,..,33.79999924,0.560000002,..
Ecuador,2010 [YR2010],4520.30959,9.81000042,44.56000137,11.02999973,73.33000183,..,34.59999847,0.649999976,..
Ecuador,2011 [YR2011],5153.691642,9.760000229,44.91999817,10.82999992,74.80000305,..,35.34999847,0.469999999,..
Ecuador,2012 [YR2012],5634.083932,10.98999977,46.52000046,12.07999992,75.55000305,..,37.20000076,0.670000017,..
Ecuador,2013 [YR2013],6109.290315,11.61999989,47.68999863,12.69999981,77.73999786,..,38.24000168,0.810000002,..
Ecuador,2014 [YR2014],6405.799793,10.71000004,48.40999985,11.89000034,79.91999817,..,37.84999847,0.810000002,..
Ecuador,2015 [YR2015],5976.159681,12.72999954,52.18999863,14.17000008,81.16000366,..,41.86999893,1.049999952,..
Ecuador,2016 [YR2016],5917.637713,12.42000008,52.00999832,14.01000023,81.73000336,..,41.97000122,1.139999986,..
Ecuador,2017 [YR2017],6233.322448,13.48999977,52.50999832,15.06999969,81.36000061,..,43.08000183,1.169999957,..
Ecuador,2018 [YR2018],6303.918925,..,50.97000122,..,81,..,41.91999817,..,..
Ecuador,2019 [YR2019],6205.057595,..,51.88999939,..,81.56999969,..,42.61000061,..,..
Ecuador,2020 [YR2020],5463.645096,12.88000011,53.04999924,14.90999985,81.62999725,..,43.91999817,1.610000014,..
Ecuador,2021 [YR2021],6075.802657,13.53999996,54.38999939,15.63000011,82.90000153,..,45.16999817,1.690000057,..
Ecuador,2022 [YR2022],6540.998245,13.06000042,54.18000031,15.10000038,82.37000275,..,44.97999954,1.610000014,..
Ecuador,2023 [YR2023],6609.804082,..,..,..,..,..,..,..,..
Guyana,1970 [YR1970],381.0987541,..,8.170000076,0.400000006,..,..,..,..,..
Guyana,1971 [YR1971],395.7696636,..,..,..,..,..,..,..,..
Guyana,1972 [YR1972],395.4742646,..,..,..,..,..,..,..,..
Guyana,1973 [YR1973],420.5336786,..,..,..,..,..,..,..,..
Guyana,1974 [YR1974],587.968877,..,..,..,..,..,..,..,..
Guyana,1975 [YR1975],663.7997227,..,..,..,..,..,..,..,..
Guyana,1976 [YR1976],604.1052678,..,..,..,..,..,..,..,..
Guyana,1977 [YR1977],592.9975984,..,..,..,..,..,..,..,..
Guyana,1978 [YR1978],663.2085861,..,..,..,..,..,..,..,..
Guyana,1979 [YR1979],688.8276528,..,..,..,..,..,..,..,..
Guyana,1980 [YR1980],778.9588141,..,16.38999939,0.899999976,..,..,..,..,..
Guyana,1981 [YR1981],734.5674589,..,..,..,..,..,..,..,..
Guyana,1982 [YR1982],620.5646366,..,..,..,..,..,..,..,..
Guyana,1983 [YR1983],630.6727792,..,..,..,..,..,..,..,..
Guyana,1984 [YR1984],565.3344356,..,..,..,..,..,..,..,..
Guyana,1985 [YR1985],587.8183952,..,..,..,..,..,..,..,..
Guyana,1986 [YR1986],657.0140002,..,..,..,..,..,..,..,..
Guyana,1987 [YR1987],464.0525663,..,..,..,..,..,..,..,..
Guyana,1988 [YR1988],544.7152092,..,..,..,..,..,..,..,..
Guyana,1989 [YR1989],503.1090191,..,..,..,..,..,..,..,..
Guyana,1990 [YR1990],528.8510953,..,..,..,..,..,..,..,..
Guyana,1991 [YR1991],466.039939,..,..,..,..,..,..,..,..
Guyana,1992 [YR1992],498.1566366,..,..,..,..,..,..,..,..
Guyana,1993 [YR1993],603.0843167,..,..,..,..,..,..,..,..
Guyana,1994 [YR1994],715.6115252,..,..,..,..,..,..,..,..
Guyana,1995 [YR1995],819.6685416,..,..,..,..,..,..,..,..
Guyana,1996 [YR1996],927.5238472,..,..,..,..,..,..,..,..
Guyana,1997 [YR1997],982.8047538,..,..,..,..,..,..,..,..
Guyana,1998 [YR1998],939.6854882,..,..,..,..,..,..,..,..
Guyana,1999 [YR1999],908.7906314,..,..,..,..,..,..,..,..
Guyana,2000 [YR2000],931.7966517,..,..,..,..,..,..,..,..
Guyana,2001 [YR2001],931.5747238,..,..,..,..,..,..,..,..
Guyana,2002 [YR2002],950.8669325,..,33.24000168,2.430000067,67.86000061,0.129999995,..,..,..
Guyana,2003 [YR2003],973.7425981,..,..,..,..,..,..,..,..
Guyana,2004 [YR2004],1033.310309,..,..,..,..,..,..,..,..
Guyana,2005 [YR2005],1084.065414,..,..,..,..,..,..,..,..
Guyana,2006 [YR2006],3135.605535,..,..,..,..,..,..,..,..
Guyana,2007 [YR2007],3608.286852,..,..,..,..,..,..,..,..
Guyana,2008 [YR2008],4008.962867,..,..,..,..,..,..,..,..
Guyana,2009 [YR2009],4209.132306,..,..,..,..,..,..,..,..
Guyana,2010 [YR2010],4581.761797,..,..,..,..,..,..,..,..
Guyana,2011 [YR2011],4947.221706,..,..,..,..,..,..,..,..
Guyana,2012 [YR2012],5444.397519,..,..,..,..,..,..,..,..
Guyana,2013 [YR2013],5556.912312,..,..,..,..,..,..,..,..
Guyana,2014 [YR2014],5472.688205,..,..,..,..,..,..,..,..
Guyana,2015 [YR2015],5640.415606,..,..,..,..,..,..,..,..
Guyana,2016 [YR2016],5870.878238,..,..,..,..,..,..,..,..
Guyana,2017 [YR2017],6178.665044,..,..,..,..,..,..,..,..
Guyana,2018 [YR2018],6048.386972,3.20002532,73.07390594,11.44158936,86.00765228,6.423727036,32.22702026,0.376195014,0.064189918
Guyana,2019 [YR2019],6405.824434,4.735060215,58.09429932,11.9549551,84.6027298,6.889175415,36.34505844,0.406444013,0.062138058
Guyana,2020 [YR2020],6775.709391,..,..,..,..,..,..,..,..
Guyana,2021 [YR2021],9860.872334,..,..,..,..,..,..,..,..
Guyana,2022 [YR2022],17913.49101,..,..,..,..,..,..,..,..
Guyana,2023 [YR2023],20765.35036,..,..,..,..,..,..,..,..
Paraguay,1970 [YR1970],248.9967082,..,..,..,..,..,..,..,..
Paraguay,1971 [YR1971],272.0824407,..,..,..,..,..,..,..,..
Paraguay,1972 [YR1972],307.6305162,..,10.19999981,..,20.77000046,1.149999976,5.119999886,..,..
Paraguay,1973 [YR1973],388.7122598,..,..,..,..,..,..,..,..
Paraguay,1974 [YR1974],507.8704797,..,..,..,..,..,..,..,..
Paraguay,1975 [YR1975],561.5223963,..,..,..,..,..,..,..,..
Paraguay,1976 [YR1976],615.8250499,..,..,..,..,..,..,..,..
Paraguay,1977 [YR1977],739.8344941,..,..,..,..,..,..,..,..
Paraguay,1978 [YR1978],882.9319193,..,..,..,..,..,..,..,..
Paraguay,1979 [YR1979],1148.895273,..,..,..,..,..,..,..,..
Paraguay,1980 [YR1980],1456.844069,..,..,..,..,..,..,..,..
Paraguay,1981 [YR1981],1792.614961,..,..,..,..,..,..,..,..
Paraguay,1982 [YR1982],1679.818437,..,17.26000023,..,32.56000137,2.50999999,9.529999733,..,..
Paraguay,1983 [YR1983],1709.80484,..,..,..,..,..,..,..,..
Paraguay,1984 [YR1984],1319.234468,..,..,..,..,..,..,..,..
Paraguay,1985 [YR1985],934.9919818,..,..,..,..,..,..,..,..
Paraguay,1986 [YR1986],1031.156238,..,..,..,..,..,..,..,..
Paraguay,1987 [YR1987],1068.953803,..,..,..,..,..,..,..,..
Paraguay,1988 [YR1988],1113.894069,..,..,..,..,..,..,..,..
Paraguay,1989 [YR1989],1211.296343,..,..,..,..,..,..,..,..
Paraguay,1990 [YR1990],1440.158296,..,..,..,..,..,..,..,..
Paraguay,1991 [YR1991],1685.268901,..,..,..,..,..,..,..,..
Paraguay,1992 [YR1992],1682.674448,..,25.11000061,..,45.93999863,7.340000153,16.70999908,..,..
Paraguay,1993 [YR1993],1661.709553,..,..,..,..,..,..,..,..
Paraguay,1994 [YR1994],1760.288071,..,..,..,..,..,..,..,..
Paraguay,1995 [YR1995],1978.715141,..,..,..,..,..,..,..,..
Paraguay,1996 [YR1996],2088.171091,..,..,..,..,..,..,..,..
Paraguay,1997 [YR1997],2078.508413,..,..,..,..,..,..,..,..
Paraguay,1998 [YR1998],1889.884556,..,..,..,..,..,..,..,..
Paraguay,1999 [YR1999],1766.306573,..,..,..,..,..,..,..,..
Paraguay,2000 [YR2000],1736.117292,..,..,..,..,..,..,..,..
Paraguay,2001 [YR2001],1637.686151,..,27.89999962,..,54.29000092,..,19.73999977,..,..
Paraguay,2002 [YR2002],1367.765069,..,27.47999954,..,57.02999878,..,19.09000015,..,..
Paraguay,2003 [YR2003],1443.998852,..,30.51000023,..,58.84999847,8.850000381,21.75,..,..
Paraguay,2004 [YR2004],1786.215339,..,29.57999992,..,59.22000122,..,21.23999977,..,..
Paraguay,2005 [YR2005],1970.871699,..,34.13999939,14.97000027,61.83000183,5.460000038,25.65999985,..,..
Paraguay,2006 [YR2006],2439.431247,..,32.65999985,11.89000034,62.45000076,4.619999886,24.84000015,..,..
Paraguay,2007 [YR2007],3211.936217,..,34.97999954,..,63.77999878,9.5,25.76000023,..,..
Paraguay,2008 [YR2008],4384.954694,..,37.04999924,..,65.52999878,11.71000004,28.54999924,..,..
Paraguay,2009 [YR2009],3941.848155,..,38.45000076,..,68.59999847,9.279999733,28.71999931,..,..
Paraguay,2010 [YR2010],4750.962737,..,37.93999863,..,67.41999817,..,28.52000046,..,..
Paraguay,2011 [YR2011],5805.401545,..,42.50999832,..,70.23000336,..,32.95999908,..,..
Paraguay,2012 [YR2012],5642.169917,10.97999954,41.81999969,..,69.93000031,12.23999977,32.29999924,4.670000076,0.050000001
Paraguay,2013 [YR2013],6435.683427,13.98999977,46.18999863,..,73.45999908,15.30000019,36.25999832,7.139999866,0.209999993
Paraguay,2014 [YR2014],6652.254789,13.64999962,47.31000137,..,73.76000214,14.93000031,37.20999908,6.329999924,0.059999999
Paraguay,2015 [YR2015],5879.337923,15.27999973,48.02999878,..,74.66999817,16.59000015,38.59999847,6.949999809,0.129999995
Paraguay,2016 [YR2016],5775.159634,14.82999992,47.25999832,..,73.52999878,16.09000015,36.90000153,7.059999943,0.01
Paraguay,2017 [YR2017],6152.267115,..,48.00999832,..,74.30999756,..,38.33000183,..,..
Paraguay,2018 [YR2018],6258.449916,15.75,49.25,..,74.55999756,17.20999908,39.31000137,7.119999886,0.050000001
Paraguay,2019 [YR2019],5821.181995,16.84000015,51.04000092,..,75.20999908,18.65999985,41.77999878,7.46999979,0.079999998
Paraguay,2020 [YR2020],5365.472207,16.53000069,52.47000122,..,76.08000183,17.94000053,42.15000153,6.289999962,0.01
Paraguay,2021 [YR2021],5976.931798,..,54.31000137,..,77.33000183,..,43.47999954,..,..
Paraguay,2022 [YR2022],6205.625954,..,57.47999954,..,80.41000366,..,46.99000168,..,..
Paraguay,2023 [YR2023],6276.351139,..,..,..,..,..,..,..,..
Peru,1970 [YR1970],550.4846094,..,..,..,..,..,..,..,..
Peru,1971 [YR1971],599.0419676,..,..,..,..,..,..,..,..
Peru,1972 [YR1972],646.6796867,..,13.89000034,..,27.54999924,2.99000001,9.020000458,..,..
Peru,1973 [YR1973],753.9245812,..,..,..,..,..,..,..,..
Peru,1974 [YR1974],926.5799505,..,..,..,..,..,..,..,..
Peru,1975 [YR1975],1104.16133,..,..,..,..,..,..,..,..
Peru,1976 [YR1976],1026.414385,..,..,..,..,..,..,..,..
Peru,1977 [YR1977],902.860901,..,..,..,..,..,..,..,..
Peru,1978 [YR1978],756.3473068,..,..,..,..,..,..,..,..
Peru,1979 [YR1979],942.1769017,..,..,..,..,..,..,..,..
Peru,1980 [YR1980],1044.691655,..,..,..,..,..,..,..,..
Peru,1981 [YR1981],1216.273502,..,27.62999916,..,44.25999832,8.18999958,18.5,..,..
Peru,1982 [YR1982],1194.450006,..,..,..,..,..,..,..,..
Peru,1983 [YR1983],927.2586569,..,..,..,..,..,..,..,..
Peru,1984 [YR1984],917.8962747,..,..,..,..,..,..,..,..
Peru,1985 [YR1985],767.4358875,..,..,..,..,..,..,..,..
Peru,1986 [YR1986],1086.609138,..,..,..,..,..,..,..,..
Peru,1987 [YR1987],1792.300702,..,..,..,..,..,..,..,..
Peru,1988 [YR1988],733.2997849,..,..,..,..,..,..,..,..
Peru,1989 [YR1989],1044.907258,..,..,..,..,..,..,..,..
Peru,1990 [YR1990],1199.666668,..,..,..,..,..,..,..,..
Peru,1991 [YR1991],1527.388795,..,..,..,..,..,..,..,..
Peru,1992 [YR1992],1567.409108,..,..,..,..,..,..,..,..
Peru,1993 [YR1993],1487.674043,..,42.54999924,..,..,18.44000053,..,..,..
Peru,1994 [YR1994],1879.366578,..,..,..,..,..,..,..,..
Peru,1995 [YR1995],2189.534315,..,..,..,..,..,..,..,..
Peru,1996 [YR1996],2226.916824,..,..,..,..,..,..,..,..
Peru,1997 [YR1997],2300.672008,..,..,..,..,..,..,..,..
Peru,1998 [YR1998],2156.393777,..,..,..,..,..,..,..,..
Peru,1999 [YR1999],1916.533974,..,..,..,..,..,..,..,..
Peru,2000 [YR2000],1945.413385,..,42.54999924,..,51,..,37.22000122,..,..
Peru,2001 [YR2001],1929.57273,..,43.20000076,..,52.77000046,..,38.04999924,..,..
Peru,2002 [YR2002],2007.370196,..,44.68999863,..,54.56000137,..,39.11999893,..,..
Peru,2003 [YR2003],2129.441142,..,43.74000168,..,52.11000061,..,38.68000031,..,..
Peru,2004 [YR2004],2397.251473,..,45.88000107,..,54.95000076,11.76000023,40.68999863,..,..
Peru,2005 [YR2005],2706.669473,..,46.61000061,..,55.54999924,15.14000034,41.38000107,..,..
Peru,2006 [YR2006],3129.559965,..,47.43999863,..,57.33000183,16,42.36999893,..,..
Peru,2007 [YR2007],3581.089308,..,49.49000168,..,59.65000153,17.05999947,44.43999863,..,..
Peru,2008 [YR2008],4197.584446,..,50.22000122,..,59.84000015,17.22999954,44.63999939,..,..
Peru,2009 [YR2009],4181.187555,..,50.36000061,..,59.83000183,17.82999992,45.04000092,..,..
Peru,2010 [YR2010],5072.11494,..,50.20000076,..,60.25,19.90999985,44.90999985,..,..
Peru,2011 [YR2011],5861.357936,..,50.40999985,..,60.52000046,20.92000008,45.29000092,..,..
Peru,2012 [YR2012],6519.37853,..,52.34000015,..,62.08000183,21.72999954,47.47999954,..,..
Peru,2013 [YR2013],6746.800257,..,51.68999863,..,62.13000107,20.57999992,46.45999908,..,..
Peru,2014 [YR2014],6667.134104,..,52.06999969,..,63.09000015,20.96999931,46.70999908,1.889999986,..
Peru,2015 [YR2015],6231.711503,..,53.36999893,..,64.91999817,20.84000015,47.97999954,1.629999995,..
Peru,2016 [YR2016],6217.036,..,53.34000015,..,64.69000244,..,47.86000061,..,..
Peru,2017 [YR2017],6736.166937,..,53.95999908,..,65.18000031,..,48.75999832,..,..
Peru,2018 [YR2018],6978.491215,..,54.31999969,..,65.69000244,21.14999962,49.02000046,11.05000019,..
Peru,2019 [YR2019],7037.008037,..,55.45000076,..,67.08999634,..,50.27999878,..,..
Peru,2020 [YR2020],6133.325524,..,55.95999908,..,68.58000183,..,50.09999847,..,..
Peru,2021 [YR2021],6826.972007,..,55.56000137,..,68.77999878,..,49.86999893,..,..
Peru,2022 [YR2022],7363.272069,..,57.02000046,24.77509308,70.15000153,13.24753857,51.61999893,..,1.743800282
Peru,2023 [YR2023],7906.585029,..,65.91856384,26.29766083,82.00982666,14.25746441,60.55539703,..,1.974528909
Suriname,1970 [YR1970],724.4849015,..,..,..,..,..,..,..,..
Suriname,1971 [YR1971],767.9903657,..,..,..,..,..,..,..,..
Suriname,1972 [YR1972],784.951675,..,..,..,..,..,..,..,..
Suriname,1973 [YR1973],857.6907917,..,..,..,..,..,..,..,..
Suriname,1974 [YR1974],1041.084547,..,..,..,..,..,..,..,..
Suriname,1975 [YR1975],1190.019685,..,..,..,..,..,..,..,..
Suriname,1976 [YR1976],1301.865363,..,..,..,..,..,..,..,..
Suriname,1977 [YR1977],1665.943849,..,..,..,..,..,..,..,..
Suriname,1978 [YR1978],1927.906014,..,..,..,..,..,..,..,..
Suriname,1979 [YR1979],2072.287753,..,..,..,..,..,..,..,..
Suriname,1980 [YR1980],2117.870834,..,..,..,..,..,..,..,..
Suriname,1981 [YR1981],2367.768518,..,..,..,..,..,..,..,..
Suriname,1982 [YR1982],2429.923915,..,..,..,..,..,..,..,..
Suriname,1983 [YR1983],2332.697903,..,..,..,..,..,..,..,..
Suriname,1984 [YR1984],2260.63795,..,..,..,..,..,..,..,..
Suriname,1985 [YR1985],2255.977177,..,..,..,..,..,..,..,..
Suriname,1986 [YR1986],2271.047333,..,..,..,..,..,..,..,..
Suriname,1987 [YR1987],2469.067373,..,..,..,..,..,..,..,..
Suriname,1988 [YR1988],2886.429802,..,..,..,..,..,..,..,..
Suriname,1989 [YR1989],1328.570134,..,..,..,..,..,..,..,..
Suriname,1990 [YR1990],941.5917361,..,..,..,..,..,..,..,..
Suriname,1991 [YR1991],1079.725213,..,..,..,..,..,..,..,..
Suriname,1992 [YR1992],968.8952535,..,..,..,..,..,..,..,..
Suriname,1993 [YR1993],1022.445835,..,..,..,..,..,..,..,..
Suriname,1994 [YR1994],1433.542557,..,..,..,..,..,..,..,..
Suriname,1995 [YR1995],1609.825044,..,..,..,..,..,..,..,..
Suriname,1996 [YR1996],1962.884958,..,..,..,..,..,..,..,..
Suriname,1997 [YR1997],2067.598149,..,..,..,..,..,..,..,..
Suriname,1998 [YR1998],2428.58642,..,..,..,..,..,..,..,..
Suriname,1999 [YR1999],1898.180182,..,..,..,..,..,..,..,..
Suriname,2000 [YR2000],1988.221729,..,..,..,..,..,..,..,..
Suriname,2001 [YR2001],1714.648466,..,..,..,..,..,..,..,..
Suriname,2002 [YR2002],2202.340682,..,..,..,..,..,..,..,..
Suriname,2003 [YR2003],2516.10404,..,..,..,..,..,..,..,..
Suriname,2004 [YR2004],2887.772173,..,48.5,3.359999895,83.95999908,3.359999895,7.809999943,..,..
Suriname,2005 [YR2005],3453.428659,..,..,..,..,..,..,..,..
Suriname,2006 [YR2006],5002.657987,..,..,..,..,..,..,..,..
Suriname,2007 [YR2007],5530.176156,..,..,..,..,..,..,..,..
Suriname,2008 [YR2008],6576.085463,..,..,..,..,..,..,..,..
Suriname,2009 [YR2009],7129.576863,..,..,..,..,..,..,..,..
Suriname,2010 [YR2010],7943.604828,..,..,..,..,..,..,..,..
Suriname,2011 [YR2011],7949.888672,..,..,..,..,..,..,..,..
Suriname,2012 [YR2012],8851.240507,..,60.72000122,..,88.13999939,10.09000015,26.25,..,..
Suriname,2013 [YR2013],9043.192815,..,..,..,..,..,..,..,..
Suriname,2014 [YR2014],9108.189054,..,..,..,..,..,..,..,..
Suriname,2015 [YR2015],8813.617054,..,..,..,..,..,..,..,..
Suriname,2016 [YR2016],5644.206106,..,38.81520081,16.61978912,74.41740417,12.57184029,34.43599701,..,0.744490504
Suriname,2017 [YR2017],6049.521286,..,..,..,..,..,..,..,..
Suriname,2018 [YR2018],6665.741805,5.334609985,45.46498871,..,73.85784912,..,23.2474308,..,..
Suriname,2019 [YR2019],6629.667752,..,..,..,..,..,..,..,..
Suriname,2020 [YR2020],4755.392217,..,..,..,..,..,..,..,..
Suriname,2021 [YR2021],5029.848385,..,..,..,..,..,..,..,..
Suriname,2022 [YR2022],6084.438767,..,..,..,..,..,..,..,..
Suriname,2023 [YR2023],5494.074094,..,..,..,..,..,..,..,..
Uruguay,1970 [YR1970],765.763012,..,..,..,..,..,..,..,..
Uruguay,1971 [YR1971],1000.283654,..,..,..,..,..,..,..,..
Uruguay,1972 [YR1972],775.9372511,..,..,..,..,..,..,..,..
Uruguay,1973 [YR1973],1397.289603,..,..,..,..,..,..,..,..
Uruguay,1974 [YR1974],1433.177975,..,..,..,..,..,..,..,..
Uruguay,1975 [YR1975],1231.85371,..,23.40999985,..,54.61999893,6.769999981,6.769999981,..,..
Uruguay,1976 [YR1976],1268.303032,..,..,..,..,..,..,..,..
Uruguay,1977 [YR1977],1414.2379,..,..,..,..,..,..,..,..
Uruguay,1978 [YR1978],1678.309256,..,..,..,..,..,..,..,..
Uruguay,1979 [YR1979],2442.659579,..,..,..,..,..,..,..,..
Uruguay,1980 [YR1980],3442.812306,..,..,..,..,..,..,..,..
Uruguay,1981 [YR1981],3728.44557,..,..,..,..,..,..,..,..
Uruguay,1982 [YR1982],3084.79407,..,..,..,..,..,..,..,..
Uruguay,1983 [YR1983],1707.144628,..,..,..,..,..,..,..,..
Uruguay,1984 [YR1984],1615.406473,..,..,..,..,..,..,..,..
Uruguay,1985 [YR1985],1568.432165,..,38.90000153,..,..,8.93999958,..,..,..
Uruguay,1986 [YR1986],1938.810849,..,..,..,..,..,..,..,..
Uruguay,1987 [YR1987],2415.654199,..,..,..,..,..,..,..,..
Uruguay,1988 [YR1988],2677.197777,..,..,..,..,..,..,..,..
Uruguay,1989 [YR1989],2734.366239,..,..,..,..,..,..,..,..
Uruguay,1990 [YR1990],2995.361057,..,..,..,..,..,..,..,..
Uruguay,1991 [YR1991],3589.015419,..,..,..,..,..,..,..,..
Uruguay,1992 [YR1992],4101.710542,..,..,..,..,..,..,..,..
Uruguay,1993 [YR1993],4753.009247,..,..,..,..,..,..,..,..
Uruguay,1994 [YR1994],5507.564813,..,..,..,..,..,..,..,..
Uruguay,1995 [YR1995],6050.486323,..,..,..,..,..,..,..,..
Uruguay,1996 [YR1996],6398.435752,..,43.61999893,..,..,11.31000042,..,..,..
Uruguay,1997 [YR1997],7436.293426,..,..,..,..,..,..,..,..
Uruguay,1998 [YR1998],7836.891833,..,..,..,..,..,..,..,..
Uruguay,1999 [YR1999],7370.569955,..,..,..,..,..,..,..,..
Uruguay,2000 [YR2000],6987.700988,..,..,..,..,..,..,..,..
Uruguay,2001 [YR2001],6382.761047,..,..,..,..,..,..,..,..
Uruguay,2002 [YR2002],4149.761403,..,..,..,..,..,..,..,..
Uruguay,2003 [YR2003],3671.123293,..,60.24000168,..,91.76999664,11.89000034,36.63999939,..,..
Uruguay,2004 [YR2004],4168.660654,..,..,..,..,..,..,..,..
Uruguay,2005 [YR2005],5284.25678,..,..,..,..,..,..,..,..
Uruguay,2006 [YR2006],6001.332948,..,48.5,11.35000038,83.20999908,11.35000038,26.89999962,..,..
Uruguay,2007 [YR2007],7222.054036,..,..,..,..,..,..,..,..
Uruguay,2008 [YR2008],9423.965626,..,47.63000107,16.57999992,85.76000214,11.31999969,25.29999924,..,..
Uruguay,2009 [YR2009],9881.395731,..,50.08000183,16.72999954,85.86000061,11.56999969,27.07999992,..,..
Uruguay,2010 [YR2010],12641.05768,..,51.45000076,16.43000031,85.98000336,11.14999962,27.60000038,..,..
Uruguay,2011 [YR2011],15132.26757,..,54.18000031,12.97000027,87.62999725,12.97000027,29.87999916,..,..
Uruguay,2012 [YR2012],16259.59408,..,54.45000076,12.96000004,88.56999969,12.96000004,29.44000053,..,..
Uruguay,2013 [YR2013],18335.25948,7.579999924,53.75,13.93999958,88.65000153,13.93999958,29.03000069,1.429999948,0.059999999
Uruguay,2014 [YR2014],18322.42768,8,55.11000061,..,89.52999878,14.42000008,29.97999954,1.75,..
Uruguay,2015 [YR2015],17125.90168,12.75,55.84000015,..,89.63999939,14.57999992,30.14999962,1.789999962,..
Uruguay,2016 [YR2016],17009.75869,13.10000038,56.72000122,..,90.08000183,14.78999996,30.20999908,1.889999986,..
Uruguay,2017 [YR2017],19184.66267,13.81000042,57.68999863,..,90.37999725,15.60000038,31.62000084,2.049999952,..
Uruguay,2018 [YR2018],19249.94015,13.88000011,58.56999969,..,91.37999725,15.72000027,31.85000038,2.210000038,..
Uruguay,2019 [YR2019],18315.73529,14.22999954,59.5,..,91.59999847,16.06999969,33.13999939,2.309999943,..
Uruguay,2020 [YR2020],15789.68574,..,..,..,..,..,..,..,..
Uruguay,2021 [YR2021],17888.21151,..,62.52999878,..,92.55000305,..,36.79000092,..,..
Uruguay,2022 [YR2022],20691.9739,25.42000008,64.62000275,..,93.25,27.38999939,38.11000061,3.859999895,2.849802971
Uruguay,2023 [YR2023],22797.81117,..,63.23171616,17.08974648,93.1510849,14.98923588,36.65903473,..,2.572585106
Venezuela,1970 [YR1970],1015.219908,..,..,..,..,..,..,..,..
Venezuela,1971 [YR1971],1106.088243,..,11.72999954,..,..,1.309999943,..,..,..
Venezuela,1972 [YR1972],1155.262363,..,..,..,..,..,..,..,..
Venezuela,1973 [YR1973],1366.83362,..,..,..,..,..,..,..,..
Venezuela,1974 [YR1974],2033.519008,..,..,..,..,..,..,..,..
Venezuela,1975 [YR1975],2078.15342,..,..,..,..,..,..,..,..
Venezuela,1976 [YR1976],2309.192935,..,..,..,..,..,..,..,..
Venezuela,1977 [YR1977],2585.220511,..,..,..,..,..,..,..,..
Venezuela,1978 [YR1978],2727.137466,..,..,..,..,..,..,..,..
Venezuela,1979 [YR1979],3256.649087,..,..,..,..,..,..,..,..
Venezuela,1980 [YR1980],3874.404706,..,..,..,..,..,..,..,..
Venezuela,1981 [YR1981],4228.098815,..,27.36000061,..,..,5.460000038,..,..,..
Venezuela,1982 [YR1982],4201.542835,..,..,..,..,..,..,..,..
Venezuela,1983 [YR1983],4078.942331,..,..,..,..,..,..,..,..
Venezuela,1984 [YR1984],3519.801465,..,..,..,..,..,..,..,..
Venezuela,1985 [YR1985],3548.704343,..,..,..,..,..,..,..,..
Venezuela,1986 [YR1986],3376.349606,..,..,..,..,..,..,..,..
Venezuela,1987 [YR1987],2610.988371,..,..,..,..,..,..,..,..
Venezuela,1988 [YR1988],3191.476337,..,..,..,..,..,..,..,..
Venezuela,1989 [YR1989],2250.084597,..,..,..,..,..,..,..,..
Venezuela,1990 [YR1990],2451.552311,..,23.37000084,..,..,11.27000046,..,..,..
Venezuela,1991 [YR1991],2632.539698,..,..,..,..,..,..,..,..
Venezuela,1992 [YR1992],2907.303344,..,..,..,..,..,..,..,..
Venezuela,1993 [YR1993],2824.691444,..,..,..,..,..,..,..,..
Venezuela,1994 [YR1994],2688.983251,..,..,..,..,..,..,..,..
Venezuela,1995 [YR1995],3486.983506,..,..,..,..,..,..,..,..
Venezuela,1996 [YR1996],3112.825848,..,..,..,..,..,..,..,..
Venezuela,1997 [YR1997],3710.826884,..,..,..,..,..,..,..,..
Venezuela,1998 [YR1998],3869.982588,..,..,..,..,..,..,..,..
Venezuela,1999 [YR1999],4070.906192,..,..,..,..,..,..,..,..
Venezuela,2000 [YR2000],4776.281676,..,42.79000092,..,74.63999939,..,31.43000031,..,..
Venezuela,2001 [YR2001],4920.393136,..,44.63999939,22,76.05000305,20.36000061,33.20000076,..,..
Venezuela,2002 [YR2002],3652.098965,..,44.59000015,..,76.09999847,..,32.97999954,..,..
Venezuela,2003 [YR2003],3229.505571,..,45.38000107,..,76.06999969,..,34.02999878,..,..
Venezuela,2004 [YR2004],4269.089709,..,45.38999939,..,76.75,..,34,..,..
Venezuela,2005 [YR2005],5432.485418,..,49.56999969,..,78.26000214,..,36.74000168,..,..
Venezuela,2006 [YR2006],6739.380653,..,51.93999863,..,80.58999634,14.60000038,41.09000015,..,..
Venezuela,2007 [YR2007],8331.62097,..,53.13999939,..,81.56999969,15.89999962,42.66999817,..,..
Venezuela,2008 [YR2008],11262.45143,..,55.25,..,82.77999878,16.95999908,44.70000076,..,..
Venezuela,2009 [YR2009],11596.60219,..,56.52000046,..,83.52999878,18.45999908,46.45000076,..,..
Venezuela,2010 [YR2010],13646.30466,..,58.25,..,84.29000092,..,48.50999832,..,..
Venezuela,2011 [YR2011],10843.92297,22.20000076,59.81999969,28.94000053,85.23999786,28.94000053,50.59999847,..,..
Venezuela,2012 [YR2012],12901.41716,..,59.65000153,..,85.98000336,..,50.86000061,..,..
Venezuela,2013 [YR2013],12403.1467,..,61.88000107,..,86.65000153,..,53.40999985,..,..
Venezuela,2014 [YR2014],15943.61272,..,63.52999878,..,87.18000031,..,55.43000031,..,..
Venezuela,2015 [YR2015],..,26,72.05000305,35.47000122,88.70999908,34.77000046,59.68999863,1.24000001,..
Venezuela,2016 [YR2016],..,29.45000076,76.51000214,39.74000168,93.37999725,38.74000168,65.18000031,1.200000048,..
Venezuela,2017 [YR2017],..,26.81887054,73.04293823,34.94200516,96.27899933,34.94200516,61.30581284,0.655834615,0
Venezuela,2018 [YR2018],..,..,..,..,..,..,..,..,..
Venezuela,2019 [YR2019],..,..,..,..,..,..,..,..,..
Venezuela,2020 [YR2020],..,..,..,..,..,..,..,..,..
Venezuela,2021 [YR2021],..,..,..,..,..,..,..,..,..
Venezuela,2022 [YR2022],..,..,..,..,..,..,..,..,..
Venezuela,2023 [YR2023],..,..,..,..,..,..,..,..,..
