country_code,country_name,year,fertility_rate_15_19,fertility_rate_20_24,fertility_rate_25_29,fertility_rate_30_34,fertility_rate_35_39,fertility_rate_40_44,fertility_rate_45_49,total_fertility_rate,gross_reproduction_rate,sex_ratio_at_birth,infant_mortality,life_expectancy,infant_mortality_female,life_expectancy_female
AR,Argentina,1980,83.2,182.4,188,138.5,78.1,25.7,3.4,3.497,1.7146,1.0395,32.28,70.22,28.85,73.71
AR,Argentina,1981,81.4,176.5,180.4,132.6,73.8,24.5,3.2,3.3621,1.642,1.0475,32.06,70.2,28.77,73.83
AR,Argentina,1982,76.2,168.6,174.2,129.1,72.6,24.1,3,3.2387,1.602,1.0217,29.8,71.2,26.71,74.68
AR,Argentina,1983,73.2,165.3,171.1,125.1,71,23.2,3.2,3.1606,1.5607,1.0251,29.31,70.62,25.51,74.15
AR,Argentina,1984,72.5,161.4,163.1,116.9,66.1,21,2.5,3.0172,1.4873,1.0286,29.23,70.62,25.99,74.12
AR,Argentina,1985,73.6,163.8,165,117,66.4,21.6,2.8,3.0515,1.5017,1.0321,26.01,71.77,22.72,75.14
AR,Argentina,1986,75,168.6,169.1,119.1,67.8,22.2,2.7,3.1227,1.5341,1.0356,26.65,71.98,23.54,75.41
AR,Argentina,1987,72.6,163.8,166.3,116.4,66.1,21.6,2.5,3.0472,1.4944,1.0391,25.67,71.98,22.67,75.48
AR,Argentina,1988,72.9,162.2,168.6,118,66.5,21.6,2.6,3.0623,1.4993,1.0425,25.34,72.04,22.08,75.52
AR,Argentina,1989,69.8,156.1,163.9,115.1,63.7,20.4,2.4,2.9575,1.4455,1.046,24.73,72.41,21.92,75.92
AR,Argentina,1990,70.4,154.4,163.9,116.8,64,20.6,2.4,2.9624,1.4454,1.0495,25.14,72.38,22.34,75.87
AR,Argentina,1991,76.3,159.3,168.8,121,65.5,21,2.8,3.0735,1.4971,1.053,24.76,72.15,22,75.85
AR,Argentina,1992,70.4,147.1,157.1,113.9,62,19.6,2.5,2.8627,1.3921,1.0564,22.75,72.77,20.54,76.37
AR,Argentina,1993,68.2,142.8,149.9,111.3,59.8,19.1,2.3,2.7669,1.352,1.0465,22.42,72.89,20.06,76.53
AR,Argentina,1994,67.9,138.8,147.2,112.7,61.5,18.6,2.2,2.744,1.329,1.0647,21.59,73.46,19.07,77.2
AR,Argentina,1995,66.2,131.4,140,110,58.8,17.8,1.9,2.6298,1.2791,1.056,21.43,73.37,19.26,77.02
AR,Argentina,1996,66.4,129.4,140.7,112.7,61,18,1.9,2.6505,1.2916,1.052,20.7,73.7,18.17,77.48
AR,Argentina,1997,67.3,130.5,141.1,113,61.4,18.1,1.9,2.6663,1.298,1.0541,20.12,74.12,17.67,77.76
AR,Argentina,1998,62.8,125.2,139.2,111.7,59.5,17.7,1.9,2.5903,1.2597,1.0563,18.53,73.71,16.33,77.54
AR,Argentina,1999,61.1,123.2,138.5,111.1,58.8,17.5,1.9,2.5605,1.2439,1.0584,18.86,74.12,16.61,77.79
AR,Argentina,2000,61.7,123.8,138.8,111.3,59,17.5,1.9,2.5704,1.2475,1.0605,18.06,74.54,15.92,78.06
AR,Argentina,2001,55.5,116.5,136.3,109.5,56.5,17,1.9,2.466,1.1956,1.0626,17.53,74.91,15.48,78.29
AR,Argentina,2002,55.3,116.4,136.2,109.4,56.5,17,1.9,2.4641,1.1934,1.0647,17.04,75.23,15.06,78.49
AR,Argentina,2003,53.7,114.5,135.6,109,55.8,16.9,1.9,2.4372,1.1792,1.0668,16.28,75.53,14.41,78.69
AR,Argentina,2004,66.8,118.8,124.4,111.8,65.1,19.9,1.4,2.5411,1.2282,1.0689,14.43,75.21,13.14,78.59
AR,Argentina,2005,59.3,111.4,123.6,109.7,61.5,18.9,1.5,2.4294,1.173,1.071,12.85,75.5,11.6,78.87
AR,Argentina,2006,62.9,108.1,108.3,98.7,59.9,17.4,1.3,2.2916,1.1054,1.0731,12.63,75.79,11.39,79.19
AR,Argentina,2007,64.5,108.7,106.8,96.1,58.9,17.4,1.4,2.2769,1.0945,1.0804,13.32,75.21,12.09,78.62
AR,Argentina,2008,67.8,113.8,112.3,102.4,62.8,18.1,1.5,2.4017,1.1664,1.0591,12.91,75.87,11.78,79.29
AR,Argentina,2009,69,112.9,109.5,100.6,61.9,17.9,1.4,2.3762,1.1558,1.0559,12.21,75.12,10.99,78.53
AR,Argentina,2010,70.2,113.8,109,101.6,62.7,18.2,1.4,2.3933,1.1602,1.0629,11.92,76.06,10.72,79.41
AR,Argentina,2011,71.3,113.3,108,99.4,62.4,18.7,1.5,2.3828,1.1529,1.0668,11.71,76.27,10.54,79.61
AR,Argentina,2012,69.1,110.3,103.6,95.9,60.5,18.3,1.3,2.3044,1.113,1.0705,10.89,76.52,9.81,79.85
AR,Argentina,2013,70.2,112.8,106.4,96.3,61,18.2,1.3,2.3406,1.1358,1.0607,10.93,76.52,9.85,79.83
AR,Argentina,2014,68.3,111.2,106.7,96.3,60.3,18,1.4,2.3203,1.1231,1.066,10.63,76.71,9.57,80.03
AR,Argentina,2015,66.4,109.6,107.1,96.3,59.5,17.9,1.4,2.3,1.1133,1.066,10.33,76.9,9.29,80.22
AR,Argentina,2016,64.7,108.2,107.4,96.3,58.9,17.7,1.4,2.282,1.1045,1.066,10.05,77.09,9.02,80.41
AR,Argentina,2017,63,106.8,107.7,96.3,58.2,17.6,1.4,2.264,1.0958,1.066,9.77,77.27,8.77,80.59
AR,Argentina,2018,61.3,105.4,108.1,96.3,57.6,17.4,1.4,2.246,1.0871,1.066,9.51,77.46,8.52,80.78
AR,Argentina,2019,59.6,104,108.4,96.3,57,17.3,1.4,2.228,1.0784,1.066,9.25,77.64,8.28,80.96
AR,Argentina,2020,57.9,102.6,108.7,96.3,56.3,17.2,1.5,2.21,1.0697,1.066,9,77.82,8.05,81.14
AR,Argentina,2021,56.6,101.5,109,96.3,55.8,17,1.5,2.196,1.0629,1.066,8.77,77.99,7.84,81.31
AR,Argentina,2022,55.3,100.4,109.2,96.2,55.3,16.9,1.5,2.182,1.0561,1.066,8.55,78.16,7.63,81.47
AR,Argentina,2023,54,99.3,109.5,96.2,54.8,16.8,1.5,2.168,1.0494,1.066,8.34,78.32,7.44,81.64
BL,Bolivia,1992,94,229,227,185,138,64,16,4.765,2.3244,1.05,72.27,60.22,67.72,62.51
BL,Bolivia,1993,91.5,223.5,220.5,180,132.8,62.3,15.8,4.6313,2.2592,1.05,70.21,60.69,65.64,63.02
BL,Bolivia,1994,89,218,214,175,127.5,60.5,15.5,4.4975,2.1939,1.05,68.21,61.14,63.62,63.53
BL,Bolivia,1995,86.5,212.5,207.5,170,122.2,58.7,15.3,4.3638,2.1287,1.05,66.26,61.59,61.66,64.02
BL,Bolivia,1996,84,207,201,165,117,57,15,4.23,2.0634,1.05,64.36,62.03,59.76,64.5
BL,Bolivia,1997,84,203,197.3,161.7,116.5,56,14.5,4.165,2.0317,1.05,62.52,62.46,57.91,64.98
BL,Bolivia,1998,84,199,193.7,158.3,116,55,14,4.1,2,1.05,60.73,62.88,56.12,65.44
BL,Bolivia,1999,84,195,190,155,115.5,54,13.5,4.035,1.9683,1.05,58.99,63.3,54.38,65.9
BL,Bolivia,2000,84,191,186.3,151.7,115,53,13,3.97,1.9366,1.05,57.29,63.7,52.7,66.34
BL,Bolivia,2001,84,187,182.7,148.3,114.5,52,12.5,3.905,1.9049,1.05,55.76,64.08,51.22,66.74
BL,Bolivia,2002,84,183,179,145,114,51,12,3.84,1.8732,1.05,54.27,64.44,49.79,67.13
BL,Bolivia,2003,80.7,177.6,176.3,142.8,110.6,49.3,11.6,3.7438,1.8262,1.05,52.81,64.8,48.39,67.51
BL,Bolivia,2004,77.3,172.2,173.5,140.6,107.2,47.6,11.1,3.6475,1.7793,1.05,51.4,65.16,47.03,67.88
BL,Bolivia,2005,74,166.8,170.8,138.4,103.7,45.9,10.7,3.5512,1.7323,1.05,50.02,65.5,45.71,68.25
BL,Bolivia,2006,70.7,161.4,168,136.2,100.3,44.2,10.2,3.455,1.6854,1.05,48.62,65.86,44.37,68.63
BL,Bolivia,2007,67.4,156,165.3,134,96.9,42.5,9.8,3.3587,1.6384,1.05,47.27,66.21,43.06,69
BL,Bolivia,2008,64,150.6,162.5,131.8,93.5,40.7,9.3,3.2625,1.5915,1.05,45.95,66.56,41.8,69.36
BL,Bolivia,2009,60.7,145.2,159.8,129.6,90.1,39,8.9,3.1663,1.5445,1.05,44.66,66.89,40.57,69.72
BL,Bolivia,2010,57.4,139.8,157.1,127.4,86.7,37.3,8.4,3.07,1.4976,1.05,43.41,67.23,39.37,70.07
BL,Bolivia,2011,55,136,155.1,125.8,84.2,36.1,8.1,3.002,1.4644,1.05,42.16,67.57,38.18,70.42
BL,Bolivia,2012,52.7,132.2,153.2,124.3,81.8,34.9,7.8,2.934,1.4312,1.05,40.94,67.9,37.02,70.77
BL,Bolivia,2013,50.3,128.4,151.2,122.7,79.4,33.7,7.4,2.866,1.398,1.05,39.76,68.22,35.9,71.11
BL,Bolivia,2014,48,124.6,149.3,121.1,77,32.5,7.1,2.798,1.3649,1.05,38.61,68.55,34.81,71.45
BL,Bolivia,2015,45.6,120.8,147.4,119.6,74.6,31.3,6.8,2.73,1.3317,1.05,37.49,68.86,33.75,71.78
BL,Bolivia,2016,43.9,118,145.9,118.4,72.8,30.4,6.6,2.68,1.3073,1.05,36.38,69.18,32.69,72.11
BL,Bolivia,2017,42.2,115.1,144.5,117.3,71,29.5,6.3,2.63,1.2829,1.05,35.29,69.49,31.67,72.44
BL,Bolivia,2018,40.4,112.3,143.1,116.1,69.3,28.6,6.1,2.58,1.2585,1.05,34.24,69.8,30.67,72.76
BL,Bolivia,2019,38.7,109.5,141.7,115,67.5,27.7,5.9,2.53,1.2341,1.05,33.22,70.11,29.71,73.08
BL,Bolivia,2020,37,106.7,140.2,113.9,65.7,26.9,5.6,2.48,1.2098,1.05,32.23,70.4,28.78,73.39
BL,Bolivia,2021,35.8,104.8,139.3,113.1,64.5,26.2,5.5,2.446,1.1932,1.05,31.26,70.7,27.87,73.7
BL,Bolivia,2022,34.6,102.9,138.3,112.3,63.3,25.6,5.3,2.412,1.1766,1.05,30.32,70.99,26.98,74
BL,Bolivia,2023,33.4,101,137.3,111.5,62.1,25,5.2,2.378,1.16,1.05,29.4,71.28,26.13,74.3
BR,Brazil,1970,78.1,221.6,248.3,202.9,148.9,84.5,27.6,5.06,2.4683,1.05,97.87,57.6,92.59,60
BR,Brazil,1971,76.5,217.9,243.2,199.5,144.9,79.9,24.8,4.9333,2.4065,1.05,95.78,58.14,89.95,60.75
BR,Brazil,1972,74.9,214.2,238.1,196,140.9,75.3,21.9,4.8067,2.3447,1.05,93.73,58.66,87.39,61.47
BR,Brazil,1973,73.3,210.4,233,192.6,136.9,70.7,19,4.68,2.2829,1.05,91.73,59.18,84.91,62.17
BR,Brazil,1974,71.7,206.7,227.9,189.2,132.9,66.1,16.2,4.5533,2.2211,1.05,89.77,59.68,82.49,62.85
BR,Brazil,1975,70.1,202.9,222.8,185.7,128.9,61.5,13.3,4.4267,2.1594,1.05,87.86,60.17,80.14,63.51
BR,Brazil,1976,68.5,199.2,217.7,182.3,125,56.9,10.4,4.3,2.0976,1.05,84.61,60.68,77.82,63.96
BR,Brazil,1977,70.8,202.1,216.9,179.3,122.3,55.7,10.3,4.2867,2.0911,1.05,81.48,61.17,75.57,64.41
BR,Brazil,1978,73.2,204.9,216,176.4,119.6,54.4,10.2,4.2733,2.0845,1.05,78.47,61.66,73.38,64.85
BR,Brazil,1979,75.5,207.8,215.2,173.4,116.9,53.2,10.1,4.26,2.078,1.05,75.57,62.13,71.25,65.27
BR,Brazil,1980,74.2,198.3,210.4,161.1,108.9,49,10.1,4.06,1.9805,1.05,72.78,62.58,69.18,65.69
BR,Brazil,1981,74.7,196.2,204.5,156.5,104.2,46.5,9.4,3.96,1.9317,1.05,70.24,63.02,66.52,66.23
BR,Brazil,1982,75.2,194.1,198.6,151.8,99.5,44,8.7,3.86,1.8829,1.05,67.78,63.45,63.96,66.75
BR,Brazil,1983,75.9,190.9,189.8,144.8,92.5,40.3,7.7,3.71,1.8098,1.05,65.41,63.87,61.5,67.26
BR,Brazil,1984,75.9,190.9,189.8,144.8,92.5,40.3,7.7,3.71,1.8098,1.05,63.12,64.28,59.12,67.76
BR,Brazil,1985,77.3,185,173.1,131.7,79.2,33.3,5.8,3.427,1.6717,1.05,60.91,64.68,56.84,68.24
BR,Brazil,1986,78.2,179,166,123.7,74,31.4,5.7,3.29,1.6049,1.05,58.54,65.11,54.39,68.76
BR,Brazil,1987,79.1,173.2,159.2,116.1,69.1,29.6,5.6,3.16,1.5415,1.05,56.26,65.54,52.04,69.27
BR,Brazil,1988,79.8,168.8,154,110.3,65.3,28.2,5.6,3.06,1.4927,1.05,54.06,65.95,49.79,69.76
BR,Brazil,1989,80.6,164,148.3,103.9,61.2,26.6,5.5,2.95,1.439,1.05,51.95,66.35,47.64,70.24
BR,Brazil,1990,81.7,156.9,139.9,94.5,55.1,24.4,5.4,2.7895,1.3607,1.05,49.92,66.74,45.58,70.71
BR,Brazil,1991,81.7,154.6,137.1,92.5,52.9,22.9,4.9,2.7334,1.3334,1.05,47.97,67.12,43.6,71.16
BR,Brazil,1992,81.7,152.3,134.4,90.5,50.6,21.5,4.5,2.6773,1.306,1.05,45.56,67.41,41.18,71.42
BR,Brazil,1993,81.6,150.1,131.6,88.5,48.4,20,4,2.6212,1.2786,1.05,43.26,67.69,38.89,71.68
BR,Brazil,1994,81.6,147.8,128.9,86.5,46.1,18.6,3.6,2.5651,1.2513,1.05,41.08,67.97,36.73,71.93
BR,Brazil,1995,81.6,145.5,126.1,84.5,43.9,17.1,3.1,2.509,1.2239,1.05,39.01,68.24,34.68,72.16
BR,Brazil,1996,83.3,144.4,124.1,82.7,43.3,16.3,2.9,2.4851,1.2122,1.05,37.04,68.5,32.74,72.39
BR,Brazil,1997,84.9,143.3,122.1,81,42.6,15.6,2.7,2.4612,1.2006,1.05,35.17,68.75,30.91,72.62
BR,Brazil,1998,86.6,142.3,120.1,79.2,42,14.8,2.5,2.4373,1.1889,1.05,33.39,69,29.18,72.83
BR,Brazil,1999,88.2,141.2,118.1,77.5,41.3,14.1,2.3,2.4134,1.1773,1.05,31.7,69.25,27.55,73.04
BR,Brazil,2000,89.9,140.1,116.1,75.7,40.7,13.3,2.1,2.3895,1.1656,1.05,30.1,69.48,26,73.24
BR,Brazil,2001,90.2,140.2,113.3,70.4,36.9,11.8,1.9,2.324,1.1337,1.05,29.16,69.77,25.09,73.52
BR,Brazil,2002,90.5,140.3,110.5,65.2,33,10.3,1.7,2.2585,1.1017,1.05,28.26,70.04,24.22,73.79
BR,Brazil,2003,90.9,140.5,107.8,59.9,29.2,8.9,1.6,2.193,1.0698,1.05,27.38,70.32,23.37,74.06
BR,Brazil,2004,91.2,140.6,105,54.7,25.3,7.4,1.4,2.1275,1.0378,1.05,26.53,70.58,22.56,74.32
BR,Brazil,2005,91.5,140.7,102.2,49.4,21.5,5.9,1.2,2.062,1.0059,1.05,25.7,70.85,21.77,74.58
BR,Brazil,2006,82.4,132,104,54.6,23.3,6.7,1.3,2.0216,0.9861,1.05,24.9,71.11,21.01,74.83
BR,Brazil,2007,73.3,123.4,105.7,59.8,25.2,7.5,1.4,1.9812,0.9664,1.05,24.1,71.39,20.26,75.12
BR,Brazil,2008,64.2,114.7,107.5,65,27,8.3,1.5,1.9408,0.9467,1.05,23.32,71.67,19.54,75.4
BR,Brazil,2009,55.1,106,109.3,70.2,28.9,9.1,1.6,1.9004,0.927,1.05,22.57,71.95,18.84,75.68
BR,Brazil,2010,46,97.3,111,75.4,30.7,9.9,1.6,1.86,0.9073,1.05,21.84,72.23,18.17,75.95
BR,Brazil,2011,42,93.5,111.8,77.7,31.5,10.2,1.7,1.842,0.8985,1.05,21.15,72.5,17.54,76.22
BR,Brazil,2012,37.9,89.6,112.6,80,32.3,10.6,1.7,1.824,0.8898,1.05,20.48,72.76,16.93,76.48
BR,Brazil,2013,33.9,85.8,113.4,82.4,33.2,10.9,1.8,1.806,0.881,1.05,19.83,73.02,16.34,76.74
BR,Brazil,2014,29.8,81.9,114.2,84.7,34,11.3,1.8,1.788,0.8722,1.05,19.21,73.28,15.78,77
BR,Brazil,2015,25.8,78,114.9,87,34.8,11.6,1.8,1.77,0.8634,1.05,18.6,73.53,15.23,77.25
BR,Brazil,2016,24,76.3,115.3,88,35.2,11.8,1.9,1.762,0.8595,1.05,18.02,73.78,14.72,77.49
BR,Brazil,2017,22.2,74.6,115.6,89,35.5,11.9,1.9,1.754,0.8556,1.05,17.46,74.02,14.23,77.73
BR,Brazil,2018,20.4,72.9,116,90.1,35.9,12.1,1.9,1.746,0.8517,1.05,16.92,74.26,13.75,77.97
BR,Brazil,2019,18.6,71.2,116.3,91.1,36.3,12.3,1.9,1.738,0.8478,1.05,16.39,74.5,13.29,78.21
BR,Brazil,2020,16.8,69.4,116.7,92.1,36.6,12.4,1.9,1.73,0.8439,1.05,15.88,74.74,12.85,78.44
BR,Brazil,2021,15.9,68.6,116.9,92.7,36.8,12.5,1.9,1.726,0.842,1.05,15.4,74.96,12.44,78.66
BR,Brazil,2022,15,67.7,117,93.2,37,12.6,2,1.722,0.84,1.05,14.94,75.19,12.04,78.88
BR,Brazil,2023,14.1,66.9,117.2,93.7,37.2,12.6,2,1.718,0.838,1.05,14.49,75.41,11.65,79.1
CI,Chile,1982,72.3,162.9,141.4,94.3,56.4,22.7,4,2.77,1.3551,1.0442,24.87,70.57,22.65,73.84
CI,Chile,1983,69.8,157.4,136.6,91.1,54.5,21.9,3.9,2.676,1.3091,1.0442,22.2,70.77,20.5,74.43
CI,Chile,1984,67.1,151.2,131.2,87.5,52.3,21.1,3.7,2.5705,1.2575,1.0442,20.59,70.59,19.09,74.28
CI,Chile,1985,63.2,142.5,135,93.2,48.1,14.6,1.3,2.4895,1.2179,1.0442,20.39,71.32,19.13,74.7
CI,Chile,1986,62.1,135.6,133.2,97.4,51.3,14.7,1.5,2.479,1.2127,1.0442,20.22,71.95,17.84,75.22
CI,Chile,1987,62.5,137.3,133.2,98.7,50.9,14.5,1.4,2.4928,1.2151,1.0515,19.74,72.53,17.8,75.43
CI,Chile,1988,66.3,142.7,138.2,101.2,55.5,15.1,2.3,2.6065,1.2724,1.0485,20.43,72.2,18.54,75.29
CI,Chile,1989,69.8,143.6,139.1,101.8,55.7,15,1.2,2.6314,1.2829,1.0511,18.18,72.23,16.54,75.68
CI,Chile,1990,70.6,142.6,138.6,101,56.1,15.3,1.2,2.6267,1.278,1.0553,16.95,72.2,15.26,75.68
CI,Chile,1991,67.6,135.1,133.3,97.9,56.5,15.6,1.3,2.5424,1.2407,1.0491,15.23,73.18,13.89,76.46
CI,Chile,1992,62.7,129.1,132,97.7,54.9,15.4,1.4,2.4718,1.2058,1.05,14.93,73.68,13.78,76.71
CI,Chile,1993,67.2,129.8,123.7,93.6,53.3,15.4,1.2,2.429,1.185,1.0497,13.66,73.73,12.38,76.87
CI,Chile,1994,68.7,129.8,120.7,91.3,51.6,14.8,0.9,2.3968,1.1733,1.0427,12.56,74.15,11.69,77.35
CI,Chile,1995,69,125.3,115,87.7,49.9,14.8,0.9,2.321,1.1342,1.0464,11.51,74.04,10.5,77.37
CI,Chile,1996,69.9,122.7,114.3,86.9,49.7,14.4,0.8,2.3025,1.1225,1.0512,11.66,74.3,10.59,77.71
CI,Chile,1997,64.5,117.4,114.6,87.7,48.6,14.3,0.9,2.2485,1.0968,1.05,10.42,74.75,9.48,78.12
CI,Chile,1998,61.2,114.1,114.8,88.2,48,14.2,1,2.2156,1.0808,1.05,10.8,74.81,9.82,78.17
CI,Chile,1999,55.3,108.2,115.2,89.1,46.8,14.1,1.1,2.1556,1.0515,1.05,10.46,74.92,9.51,78.27
CI,Chile,2000,43.1,96,115.9,91,44.4,13.8,1.4,2.0326,0.9934,1.0462,9.12,75.98,8.31,79.23
CI,Chile,2001,40.7,93.6,116.1,91.3,44,13.7,1.4,2.0089,0.9859,1.0377,8.72,75.96,7.96,79.2
CI,Chile,2002,57.1,92.7,98.3,80.4,45,13.1,0.7,1.9367,0.9482,1.0425,8.1,76.49,7.04,79.72
CI,Chile,2003,52.5,88.5,95.4,82.7,45.5,13.1,0.7,1.8927,0.9244,1.0475,8.18,76.52,7.56,79.71
CI,Chile,2004,44.3,83.7,99.7,85.3,44.1,13.1,1,1.8558,0.9097,1.04,8.75,76.54,8.08,79.71
CI,Chile,2005,52.1,83.3,92,82.4,45.4,12.8,0.7,1.8434,0.8968,1.0555,8.29,76.95,7.46,80.08
CI,Chile,2006,53.4,82.6,89.8,81.8,46.1,12.9,0.8,1.836,0.8981,1.0444,7.96,77.35,7.27,80.41
CI,Chile,2007,55.2,85.3,94.3,83.8,47.7,12.8,0.7,1.8983,0.9281,1.0454,8.21,76.88,6.72,79.96
CI,Chile,2008,56.8,87.2,94.6,85,49.5,12.8,0.7,1.9329,0.9463,1.0425,8,77.49,7.5,80.62
CI,Chile,2009,53.5,85.5,96.2,85.8,48.7,12.8,0.8,1.9165,0.9383,1.0425,7.85,77.63,7.35,80.77
CI,Chile,2010,50.2,83.8,97.9,86.6,47.9,12.8,0.9,1.9,0.9302,1.0425,7.71,77.76,7.2,80.91
CI,Chile,2011,47,82.1,99.5,87.3,47.1,12.8,1,1.884,0.9224,1.0425,7.53,77.93,7.02,81.08
CI,Chile,2012,43.8,80.4,101.1,88.1,46.3,12.8,1.1,1.868,0.9145,1.0425,7.36,78.1,6.85,81.25
CI,Chile,2013,40.5,78.8,102.7,88.8,45.5,12.9,1.2,1.852,0.9067,1.0425,7.19,78.27,6.68,81.42
CI,Chile,2014,37.3,77.1,104.3,89.6,44.7,12.9,1.2,1.836,0.8989,1.0425,7.02,78.44,6.52,81.59
CI,Chile,2015,34.1,75.5,105.9,90.3,43.9,12.9,1.3,1.82,0.891,1.0425,6.86,78.61,6.36,81.76
CI,Chile,2016,32.1,74.4,106.9,90.8,43.4,12.9,1.4,1.81,0.8862,1.0425,6.72,78.76,6.22,81.91
CI,Chile,2017,30.1,73.4,107.9,91.3,42.9,12.9,1.4,1.8,0.8813,1.0425,6.58,78.91,6.09,82.06
CI,Chile,2018,28.1,72.3,109,91.8,42.4,12.9,1.5,1.79,0.8764,1.0425,6.44,79.06,5.96,82.22
CI,Chile,2019,26.1,71.3,110,92.2,41.9,12.9,1.6,1.78,0.8715,1.0425,6.31,79.21,5.83,82.37
CI,Chile,2020,24.1,70.3,111,92.7,41.5,12.9,1.6,1.77,0.8666,1.0425,6.17,79.37,5.7,82.52
CI,Chile,2021,22.9,69.6,111.6,93,41.2,12.9,1.6,1.764,0.8636,1.0425,6.06,79.5,5.59,82.66
CI,Chile,2022,21.7,69,112.2,93.3,40.9,12.9,1.7,1.758,0.8607,1.0425,5.94,79.64,5.48,82.79
CI,Chile,2023,20.4,68.4,112.8,93.6,40.6,13,1.7,1.752,0.8578,1.0425,5.83,79.77,5.37,82.93
CO,Colombia,1973,103,237,217,169,125,61,18,4.65,2.2861,1.034,77.01,58.99,71.34,60.88
CO,Colombia,1974,100,228.5,213.5,166,123,57.5,20,4.5425,2.2324,1.0348,73.36,59.95,67.95,61.89
CO,Colombia,1975,97,220,210,163,121,54,22,4.435,2.1787,1.0356,69.88,60.88,64.72,62.86
CO,Colombia,1976,84.3,215.7,202,156,116.3,51,18.3,4.2183,2.0714,1.0364,66.56,61.77,61.65,63.8
CO,Colombia,1977,71.7,211.3,194,149,111.7,48,14.7,4.0017,1.9643,1.0372,63.39,62.63,58.71,64.7
CO,Colombia,1978,59,207,186,142,107,45,11,3.785,1.8572,1.0381,60.37,63.47,55.91,65.57
CO,Colombia,1979,59,197.5,181.5,140.5,101.5,48.5,9.5,3.69,1.8098,1.0389,57.49,64.27,53.24,66.4
CO,Colombia,1980,59,188,177,139,96,52,8,3.595,1.7625,1.0397,54.75,65.04,50.69,67.2
CO,Colombia,1981,62,185.3,173.2,134.2,92.6,47.4,8,3.514,1.7221,1.0405,52.13,65.79,48.27,67.97
CO,Colombia,1982,65,182.5,169.5,129.5,89.2,42.8,8,3.433,1.6818,1.0413,49.63,66.5,45.95,68.71
CO,Colombia,1983,68.1,179.8,165.7,124.7,85.9,38.2,8,3.352,1.6414,1.0421,47.25,67.2,43.75,69.42
CO,Colombia,1984,71.1,177,162,119.9,82.5,33.6,8,3.271,1.6011,1.0429,44.99,67.87,41.65,70.11
CO,Colombia,1985,74.1,174.3,158.2,115.2,79.1,29,8,3.19,1.5609,1.0438,43.18,68.04,39.7,70.42
CO,Colombia,1986,74.9,172,156.2,114,77,28,7.6,3.1482,1.5398,1.0446,41.44,68.18,37.84,70.71
CO,Colombia,1987,75.7,169.7,154.1,112.9,74.8,27,7.2,3.1064,1.5187,1.0454,39.78,68.29,36.06,70.98
CO,Colombia,1988,76.4,167.4,152,111.7,72.7,26,6.7,3.0646,1.4977,1.0462,38.18,68.37,34.37,71.24
CO,Colombia,1989,77.2,165.1,149.9,110.6,70.5,25,6.3,3.0229,1.4767,1.047,36.64,68.41,32.75,71.47
CO,Colombia,1990,78,162.7,147.8,109.4,68.4,24,5.9,2.9811,1.4557,1.0478,35.17,68.42,31.21,71.69
CO,Colombia,1991,78.8,160.4,145.7,108.2,66.2,23,5.4,2.9393,1.4348,1.0486,33.76,68.39,29.74,71.9
CO,Colombia,1992,79.6,158.1,143.6,107.1,64.1,22,5,2.8975,1.4138,1.0494,32.4,68.32,28.34,72.09
CO,Colombia,1993,80.3,155.8,141.5,105.9,61.9,21,4.6,2.8557,1.3929,1.0503,31.1,68.22,27,72.27
CO,Colombia,1994,81.1,153.5,139.4,104.8,59.8,20,4.1,2.8139,1.3719,1.0511,29.8,68.71,25.53,72.74
CO,Colombia,1995,81.9,151.2,137.4,103.6,57.6,19,3.7,2.7721,1.351,1.0519,28.57,69.19,24.14,73.21
CO,Colombia,1996,82.7,148.9,135.3,102.5,55.5,18,3.3,2.7304,1.3302,1.0527,27.38,69.66,22.82,73.66
CO,Colombia,1997,83.4,146.6,133.2,101.3,53.3,17,2.9,2.6886,1.3093,1.0535,26.25,70.11,21.57,74.11
CO,Colombia,1998,84.2,144.3,131.1,100.2,51.2,16,2.4,2.6468,1.2884,1.0543,25.17,70.56,20.39,74.55
CO,Colombia,1999,85,142,129,99,49,15,2,2.605,1.2676,1.0551,24.13,70.99,19.28,74.98
CO,Colombia,2000,86,140,126.4,94.6,48.4,15,2,2.562,1.2461,1.0559,23.14,71.41,18.22,75.41
CO,Colombia,2001,87,138,123.8,90.2,47.8,15,2,2.519,1.2247,1.0567,22.2,71.83,17.22,75.83
CO,Colombia,2002,88,136,121.2,85.8,47.2,15,2,2.476,1.2034,1.0576,21.29,72.23,16.28,76.24
CO,Colombia,2003,89,134,118.6,81.4,46.6,15,2,2.433,1.182,1.0584,20.68,72.51,15.83,76.45
CO,Colombia,2004,90,132,116,77,46,15,2,2.39,1.1607,1.0592,20.09,72.78,15.39,76.65
CO,Colombia,2005,85.9,128.5,116.1,78,45.6,14.9,2,2.355,1.1432,1.06,19.52,73.05,14.97,76.85
CO,Colombia,2006,81.9,125,116.2,78.9,45.2,14.8,2,2.32,1.1262,1.06,18.96,73.31,14.55,77.05
CO,Colombia,2007,77.8,121.5,116.3,79.9,44.8,14.7,2,2.285,1.1092,1.06,18.42,73.57,14.15,77.25
CO,Colombia,2008,73.8,118,116.4,80.9,44.4,14.6,2,2.25,1.0922,1.06,17.89,73.82,13.76,77.45
CO,Colombia,2009,69.7,114.5,116.5,81.8,44,14.5,2,2.215,1.0752,1.06,17.37,74.07,13.38,77.64
CO,Colombia,2010,65.7,111,116.6,82.8,43.6,14.4,2,2.18,1.0583,1.06,16.87,74.31,13.01,77.84
CO,Colombia,2011,62.4,108.2,116.7,83.6,43.2,14.3,2,2.152,1.0447,1.06,16.39,74.55,12.65,78.03
CO,Colombia,2012,59.2,105.4,116.8,84.3,42.9,14.2,2,2.124,1.0311,1.06,15.92,74.79,12.3,78.23
CO,Colombia,2013,55.9,102.6,116.9,85.1,42.6,14.1,2,2.096,1.0175,1.06,15.46,75.02,11.96,78.42
CO,Colombia,2014,52.7,99.8,116.9,85.9,42.3,14.1,2,2.068,1.0039,1.06,15.02,75.25,11.62,78.61
CO,Colombia,2015,49.4,97,117,86.6,41.9,14,2,2.04,0.9903,1.06,14.58,75.48,11.3,78.8
CO,Colombia,2016,47.1,95,117.1,87.2,41.7,13.9,2,2.02,0.9806,1.06,14.09,75.71,10.92,79.03
CO,Colombia,2017,44.8,93,117.1,87.7,41.5,13.9,2,2,0.9709,1.06,13.62,75.94,10.55,79.27
CO,Colombia,2018,42.5,91,117.2,88.3,41.2,13.8,2,1.98,0.9612,1.06,13.16,76.17,10.2,79.49
CO,Colombia,2019,40.1,89,117.2,88.8,41,13.8,2,1.96,0.9515,1.06,12.72,76.4,9.85,79.72
CO,Colombia,2020,37.8,87,117.3,89.4,40.8,13.7,2,1.94,0.9417,1.06,12.29,76.62,9.52,79.95
CO,Colombia,2021,36.2,85.6,117.3,89.8,40.6,13.7,2,1.926,0.935,1.06,11.93,76.81,9.25,80.14
CO,Colombia,2022,34.6,84.2,117.4,90.2,40.5,13.6,2,1.912,0.9282,1.06,11.59,77,8.98,80.33
CO,Colombia,2023,33,82.8,117.4,90.5,40.3,13.6,2,1.898,0.9214,1.06,11.25,77.19,8.73,80.52
EC,Ecuador,1990,90.7,188.2,182.9,139.9,94.7,49.2,7.8,3.7667,1.8374,1.05,50.17,68.28,43.96,70.63
EC,Ecuador,1991,91,184,174,132,89,46,7,3.615,1.7634,1.05,47.4,68.83,41.4,71.24
EC,Ecuador,1992,90.6,181.6,170.2,129.4,86.4,44.2,7.6,3.55,1.7317,1.05,44.79,69.36,38.99,71.83
EC,Ecuador,1993,90.2,179.2,166.4,126.8,83.8,42.4,8.2,3.485,1.7,1.05,42.32,69.87,36.72,72.4
EC,Ecuador,1994,89.8,176.8,162.6,124.2,81.2,40.6,8.8,3.42,1.6683,1.05,39.98,70.36,34.57,72.95
EC,Ecuador,1995,89.4,174.4,158.8,121.6,78.6,38.8,9.4,3.355,1.6366,1.05,37.76,70.84,32.55,73.49
EC,Ecuador,1996,89,172,155,119,76,37,10,3.29,1.6049,1.05,35.67,71.3,30.64,74.01
EC,Ecuador,1997,86.8,168.3,151.4,116.7,74.4,35.5,9.3,3.212,1.5668,1.05,33.69,71.74,28.85,74.51
EC,Ecuador,1998,84.7,164.5,147.8,114.5,72.8,34,8.7,3.134,1.5288,1.05,31.82,72.17,27.15,75.01
EC,Ecuador,1999,82.5,160.8,144.1,112.2,71.2,32.4,8,3.056,1.4907,1.05,30.05,72.59,25.56,75.48
EC,Ecuador,2000,80.3,157,140.5,109.9,69.5,30.9,7.4,2.978,1.4527,1.05,28.38,73,24.06,75.95
EC,Ecuador,2001,78.2,153.3,136.9,107.7,67.9,29.4,6.7,2.9,1.4146,1.05,26.8,73.39,22.64,76.4
EC,Ecuador,2002,75.6,149.9,136.2,107.2,66.8,28.8,6.5,2.855,1.3927,1.05,25.98,73.64,21.88,76.66
EC,Ecuador,2003,73,146.5,135.5,106.8,65.7,28.2,6.3,2.81,1.3707,1.05,25.19,73.89,21.15,76.92
EC,Ecuador,2004,70.5,143.1,134.8,106.4,64.6,27.6,6.2,2.765,1.3488,1.05,24.42,74.13,20.44,77.17
EC,Ecuador,2005,67.9,139.7,134.1,105.9,63.4,26.9,6,2.72,1.3268,1.05,23.67,74.37,19.76,77.42
EC,Ecuador,2006,65,135.8,133.2,105.4,62.1,26.2,5.8,2.668,1.3015,1.05,22.95,74.61,19.1,77.66
EC,Ecuador,2007,62,131.9,132.4,104.9,60.8,25.5,5.6,2.616,1.2761,1.05,22.25,74.84,18.46,77.9
EC,Ecuador,2008,59.1,128,131.6,104.4,59.5,24.8,5.4,2.564,1.2507,1.05,21.56,75.07,17.84,78.14
EC,Ecuador,2009,56.1,124.1,130.8,103.9,58.2,24.1,5.2,2.512,1.2254,1.05,20.9,75.3,17.24,78.37
EC,Ecuador,2010,53.2,120.2,130,103.4,56.9,23.4,5,2.46,1.2,1.05,20.26,75.52,16.66,78.6
EC,Ecuador,2011,50.8,117,129.3,103,55.9,22.8,4.8,2.418,1.1795,1.05,19.65,75.73,16.11,78.82
EC,Ecuador,2012,48.4,113.8,128.6,102.6,54.9,22.2,4.6,2.376,1.159,1.05,19.06,75.94,15.59,79.04
EC,Ecuador,2013,46,110.7,128,102.2,53.8,21.7,4.5,2.334,1.1385,1.05,18.48,76.15,15.07,79.25
EC,Ecuador,2014,43.6,107.5,127.3,101.8,52.8,21.1,4.3,2.292,1.118,1.05,17.93,76.36,14.58,79.46
EC,Ecuador,2015,41.2,104.4,126.7,101.4,51.7,20.5,4.1,2.25,1.0976,1.05,17.38,76.56,14.1,79.67
EC,Ecuador,2016,39.4,102,126.2,101,50.9,20.1,4,2.218,1.082,1.05,16.87,76.75,13.65,79.87
EC,Ecuador,2017,37.6,99.6,125.7,100.7,50.1,19.6,3.9,2.186,1.0663,1.05,16.37,76.95,13.22,80.07
EC,Ecuador,2018,35.8,97.1,125.1,100.4,49.3,19.2,3.8,2.154,1.0507,1.05,15.88,77.14,12.8,80.26
EC,Ecuador,2019,34,94.7,124.6,100.1,48.5,18.8,3.6,2.122,1.0351,1.05,15.41,77.33,12.39,80.45
EC,Ecuador,2020,32.2,92.3,124.1,99.8,47.7,18.3,3.5,2.09,1.0195,1.05,14.95,77.51,12,80.64
EC,Ecuador,2021,30.8,90.5,123.8,99.6,47.1,18,3.4,2.066,1.0078,1.05,14.52,77.69,11.63,80.82
EC,Ecuador,2022,29.4,88.7,123.4,99.3,46.5,17.7,3.3,2.042,0.9961,1.05,14.1,77.86,11.28,80.99
EC,Ecuador,2023,28.1,86.9,123,99.1,45.9,17.3,3.2,2.018,0.9844,1.05,13.69,78.04,10.94,81.17
GY,Guyana,1980,108.8,211.3,182.7,120.4,76.3,28.8,9.6,3.69,1.8,1.05,60.44,61.97,54.78,65.21
GY,Guyana,1981,103,200.2,173.1,114,72.3,27.2,9.1,3.4949,1.7048,1.05,59.3,62.21,53.2,65.56
GY,Guyana,1982,97.3,189,163.4,107.7,68.3,25.7,8.7,3.3002,1.6099,1.0499,58.51,62.4,52.54,65.73
GY,Guyana,1983,94.3,183.3,158.4,104.4,66.2,24.9,8.3,3.1998,1.5608,1.0501,57.76,62.58,51.95,65.88
GY,Guyana,1984,91.4,177.6,153.5,101.2,64.2,24.2,8.1,3.1001,1.5122,1.0501,56.99,62.77,51.34,66.04
GY,Guyana,1985,92.9,180.4,156,102.8,65.1,24.6,8.3,3.1501,1.5367,1.05,56.14,62.95,50.66,66.19
GY,Guyana,1986,94.3,183.3,158.5,104.4,66.2,25,8.4,3.2001,1.561,1.05,55.6,63.08,50.14,66.33
GY,Guyana,1987,91.4,177.6,153.5,101.2,64.1,24.2,8.1,3.1002,1.5124,1.0499,55.15,63.21,49.65,66.46
GY,Guyana,1988,88.4,171.8,148.5,97.9,62,23.4,7.9,3.0002,1.4634,1.0501,54.6,63.32,49.2,66.57
GY,Guyana,1989,85.1,174.1,153.3,102.3,64.7,23.6,9,3.0599,1.4927,1.0499,54.22,63.41,48.78,66.66
GY,Guyana,1990,81.7,176.3,158,106.6,67.3,23.9,10.1,3.1201,1.5221,1.0499,53.88,63.43,48.46,66.69
GY,Guyana,1991,78.4,178.6,162.8,111,69.9,24.1,11.3,3.1806,1.5515,1.05,53.61,63.39,48.27,66.67
GY,Guyana,1992,77.9,178.9,162.9,114,73.2,27.2,14,3.2403,1.5807,1.05,53.31,63.3,47.98,66.58
GY,Guyana,1993,77.5,179.1,163,117.1,76.5,30.3,16.5,3.3002,1.6099,1.05,52.9,63.13,47.61,66.38
GY,Guyana,1994,77.3,179.2,163.1,118.1,77.5,31.2,17.5,3.3203,1.6197,1.0499,52.44,62.89,47.15,66.1
GY,Guyana,1995,77.2,179.3,163.2,119.1,78.6,32.3,18.3,3.3405,1.6294,1.0501,52.07,62.59,46.81,65.76
GY,Guyana,1996,77.1,179.4,163.2,120.1,79.7,33.4,19.3,3.3605,1.6393,1.05,51.45,62.32,46.25,65.42
GY,Guyana,1997,76.9,179.6,163.2,121.1,80.8,34.2,20.2,3.3802,1.649,1.0499,50.84,62.05,45.63,65.06
GY,Guyana,1998,76.8,179.6,163.2,122.2,81.9,35.3,21.1,3.4004,1.6588,1.05,50.31,61.89,45.17,64.85
GY,Guyana,1999,74.9,175.4,159.3,119.3,80,34.5,20.5,3.3199,1.6195,1.05,49.8,61.8,44.71,64.67
GY,Guyana,2000,73.1,171.2,155.6,116.4,78.1,33.6,19.9,3.2399,1.5805,1.0499,49.18,61.83,44,64.65
GY,Guyana,2001,71.3,167,151.7,113.5,76.2,32.8,19.5,3.1599,1.5414,1.05,48.68,61.92,43.54,64.7
GY,Guyana,2002,69.5,162.7,147.9,110.7,74.3,32,19,3.0803,1.5025,1.0501,48.09,62.13,43.03,64.85
GY,Guyana,2003,66.1,156.9,146.1,109.8,72.1,30.9,18.1,3,1.4634,1.0501,47.59,62.4,42.54,65.12
GY,Guyana,2004,62.2,150.5,144.2,108.9,69.7,29.6,17,2.9103,1.4196,1.05,46.15,63,41.11,65.73
GY,Guyana,2005,58.3,144,142.3,107.9,67.4,28.4,15.8,2.8205,1.3759,1.0499,44.74,63.72,39.83,66.53
GY,Guyana,2006,54.7,137.9,140.5,106.9,65.2,27.2,14.8,2.7359,1.3346,1.0499,43.36,64.53,38.44,67.44
GY,Guyana,2007,51.1,131.8,138.6,106.1,63,26.1,13.8,2.6525,1.2938,1.0501,42.05,65.23,37.26,68.25
GY,Guyana,2008,47.5,125.7,136.8,105.2,60.8,24.9,12.6,2.568,1.2526,1.0501,40.74,65.76,35.99,68.81
GY,Guyana,2009,43.8,119.6,134.9,104.4,58.6,23.8,11.7,2.4838,1.2116,1.05,39.31,66.21,34.62,69.28
GY,Guyana,2010,40.2,113.6,133.2,103.5,56.3,22.7,10.6,2.4,1.1707,1.0501,38.05,66.65,33.45,69.79
GY,Guyana,2011,37.4,108.9,131.8,102.8,54.7,21.7,9.9,2.336,1.1395,1.05,36.88,67.01,32.36,70.15
GY,Guyana,2012,34.7,104.3,130.4,102.1,53,20.8,9.1,2.2723,1.1085,1.0499,35.76,67.28,31.37,70.43
GY,Guyana,2013,31.9,99.7,129,101.4,51.4,19.9,8.3,2.2074,1.0769,1.0499,34.59,67.55,30.19,70.72
GY,Guyana,2014,29.2,95.1,127.6,100.7,49.7,19.1,7.5,2.1442,1.0461,1.0498,33.56,67.81,29.36,70.96
GY,Guyana,2015,26.4,90.5,126.2,100,48,18.2,6.7,2.0804,1.0149,1.0499,32.56,68.09,28.4,71.24
GY,Guyana,2016,24.7,87.7,125.4,99.6,47,17.7,6.2,2.0418,0.9961,1.0498,31.47,68.37,27.32,71.54
GY,Guyana,2017,23.1,85,124.6,99.3,45.9,17.2,5.7,2.0043,0.9776,1.0502,30.41,68.64,26.49,71.8
GY,Guyana,2018,21.5,82.2,123.8,98.8,44.9,16.7,5.3,1.9656,0.9588,1.05,29.48,68.91,25.54,72.06
GY,Guyana,2019,19.8,79.5,122.9,98.4,44,16.1,4.8,1.9281,0.9404,1.0502,28.54,69.2,24.69,72.35
GY,Guyana,2020,18.2,76.8,122.1,98,43,15.6,4.3,1.8901,0.922,1.05,27.62,69.48,23.79,72.63
GY,Guyana,2021,17.4,75.3,121.7,97.8,42.4,15.3,4.1,1.8697,0.912,1.05,26.67,69.72,22.96,72.84
GY,Guyana,2022,16.5,73.8,121.3,97.6,41.9,15.1,3.8,1.8502,0.9026,1.0498,25.83,69.97,22.08,73.11
GY,Guyana,2023,15.6,72.4,120.8,97.4,41.4,14.8,3.6,1.8301,0.8927,1.05,25.06,70.25,21.43,73.4
NS,Suriname,1980,79.4,221.1,229.8,166.2,103.5,38.2,5.7,4.2198,2.0583,1.0502,48.86,64.97,40.97,67.38
NS,Suriname,1981,94.9,262.5,194.5,119.6,60.6,23.1,6,3.8178,1.8625,1.0499,41.56,67.19,34.88,69.54
NS,Suriname,1982,102.6,280.5,201.4,121.7,62.7,24,6.4,4.0092,1.9557,1.05,41.23,67.3,34.6,69.64
NS,Suriname,1983,104,283.8,202.7,122.1,63,24.1,6.5,4.044,1.9728,1.0498,45.28,66.04,37.98,68.41
NS,Suriname,1984,94.9,262.4,194.5,119.6,60.6,23,6,3.8171,1.8619,1.0501,45.51,65.97,38.17,68.34
NS,Suriname,1985,92.9,257.7,192.7,119,60.1,22.8,5.9,3.7669,1.8375,1.05,41.27,67.29,34.63,69.63
NS,Suriname,1986,72.3,209.4,174.2,113.3,54.6,20.4,5,3.2544,1.5877,1.0498,43.24,66.66,36.28,69.02
NS,Suriname,1987,64,189.9,166.7,111,52.4,19.4,4.6,3.0473,1.4865,1.05,37.71,68.45,31.66,70.77
NS,Suriname,1988,55.8,170.7,159.3,108.7,50.2,18.4,4.2,2.843,1.3867,1.0501,37.23,68.61,31.26,70.93
NS,Suriname,1989,81.8,165.1,176.5,120.8,55.2,16.1,2.6,3.107,1.5156,1.05,41.06,67.35,34.46,69.69
NS,Suriname,1990,78.5,153.4,158.6,110.5,50,15,2.9,2.8589,1.3947,1.0499,41.69,67.15,34.99,69.5
NS,Suriname,1991,70.4,142.7,153.8,108.8,48.6,14.7,2.8,2.7221,1.3279,1.0499,37.76,68.43,31.71,70.75
NS,Suriname,1992,75.3,156.2,150.6,112.4,57.6,15,2.5,2.921,1.4248,1.0501,39.59,67.83,33.23,70.16
NS,Suriname,1993,79.2,156.2,135.2,94.6,54.7,11.5,1.7,2.7682,1.3504,1.0499,43.83,66.48,36.77,68.84
NS,Suriname,1994,76.8,147.3,121.8,86.9,47.2,14.2,1.4,2.5074,1.2231,1.05,41.19,67.31,34.57,69.65
NS,Suriname,1995,79.1,159.5,124.4,82.8,51.3,13.9,3.6,2.5871,1.2619,1.0502,38.16,68.3,32.04,70.62
NS,Suriname,1996,83.9,175.2,134.1,87.6,52.1,12.5,1.7,2.7469,1.34,1.0499,40.28,67.6,33.81,69.94
NS,Suriname,1997,93.8,192.8,152.7,104.6,63.1,14.6,2.3,3.1367,1.5301,1.05,38.37,68.23,32.21,70.56
NS,Suriname,1998,72.1,172.5,154.3,106.1,63.4,18.1,2.4,2.9558,1.4418,1.0501,35.99,69.03,30.22,71.34
NS,Suriname,1999,68.9,167,152.4,105.6,62.1,17.8,2.4,2.8922,1.4108,1.05,37.78,68.43,31.72,70.75
NS,Suriname,2000,67.3,164,140.4,99,56.2,18.3,2.2,2.7497,1.3413,1.05,38.31,68.25,32.16,70.57
NS,Suriname,2001,63.5,157.4,139,98.8,55,18,2.1,2.6808,1.3078,1.0499,37.52,68.51,31.5,70.83
NS,Suriname,2002,72.1,151.5,146.7,100.5,56,19.4,2.4,2.7577,1.3451,1.0501,36.7,68.79,30.81,71.11
NS,Suriname,2003,64,130.7,138,95.7,52.7,18.2,1.6,2.5229,1.2307,1.05,36.05,69.01,30.28,71.32
NS,Suriname,2004,55.3,119.8,134.8,95.7,50.4,17.4,1.6,2.3909,1.1664,1.0499,37.54,68.51,31.52,70.83
NS,Suriname,2005,63.6,106.3,126.4,88.5,45.1,12.3,2.4,2.2395,1.0925,1.0499,37.68,68.46,31.63,70.78
NS,Suriname,2006,75.5,115.9,128.3,86.9,46.6,12.1,2.5,2.3589,1.1507,1.0499,34.55,69.53,29.02,71.84
NS,Suriname,2007,70.5,118.8,131.5,98.8,51.9,14.6,0.9,2.45,1.1951,1.05,34.75,69.46,29.19,71.77
NS,Suriname,2008,62.5,111.4,129.7,98.4,50,14.4,1.1,2.35,1.1464,1.0499,33.43,69.83,27.99,72.17
NS,Suriname,2009,54.4,103.9,127.9,98.1,48.2,14.1,1.2,2.25,1.0976,1.05,32.16,70.18,26.85,72.56
NS,Suriname,2010,46.3,96.5,126.1,97.7,46.3,13.9,1.4,2.15,1.0487,1.0501,30.94,70.53,25.75,72.95
NS,Suriname,2011,43.4,93.8,125.4,97.5,45.6,13.9,1.4,2.114,1.0312,1.05,29.93,70.83,24.87,73.27
NS,Suriname,2012,40.5,91.1,124.8,97.4,45,13.8,1.5,2.078,1.0136,1.0502,28.94,71.12,24.03,73.58
NS,Suriname,2013,37.6,88.4,124.2,97.3,44.3,13.7,1.5,2.042,0.9961,1.0499,27.99,71.41,23.21,73.88
NS,Suriname,2014,34.7,85.8,123.5,97.1,43.7,13.6,1.6,2.006,0.9785,1.05,27.07,71.69,22.41,74.18
NS,Suriname,2015,31.8,83.1,122.9,97,43,13.6,1.6,1.97,0.961,1.05,26.17,71.97,21.65,74.48
NS,Suriname,2016,30,81.4,122.5,96.9,42.6,13.5,1.6,1.948,0.9503,1.05,25.31,72.24,20.92,74.77
NS,Suriname,2017,28.2,79.8,122.1,96.8,42.2,13.5,1.7,1.926,0.9395,1.05,24.47,72.51,20.21,75.06
NS,Suriname,2018,26.5,78.2,121.7,96.8,41.8,13.4,1.7,1.904,0.9288,1.05,23.66,72.78,19.53,75.34
NS,Suriname,2019,24.7,76.5,121.3,96.7,41.4,13.4,1.7,1.882,0.918,1.0501,22.88,73.04,18.87,75.62
NS,Suriname,2020,22.9,74.9,120.9,96.6,41,13.3,1.8,1.86,0.9073,1.05,22.12,73.3,18.23,75.89
NS,Suriname,2021,21.8,73.9,120.6,96.5,40.7,13.3,1.8,1.846,0.9005,1.0499,21.4,73.55,17.62,76.16
NS,Suriname,2022,20.7,72.8,120.4,96.5,40.4,13.3,1.8,1.832,0.8937,1.05,20.7,73.8,17.03,76.42
NS,Suriname,2023,19.5,71.8,120.1,96.4,40.2,13.2,1.8,1.818,0.8868,1.05,20.02,74.04,16.46,76.68
PA,Paraguay,1972,74,229,274,256,200,117,15,5.825,2.8415,1.05,58.01,66.22,51.29,68.52
PA,Paraguay,1973,75.2,228.4,265.6,245.8,189.8,108.6,15,5.642,2.7522,1.05,58.01,66.41,51.29,68.73
PA,Paraguay,1974,76.4,227.8,257.2,235.6,179.6,100.2,15,5.459,2.6629,1.05,58.01,66.6,51.29,68.93
PA,Paraguay,1975,77.6,227.2,248.8,225.4,169.4,91.8,15,5.276,2.5736,1.05,58.01,66.79,51.29,69.14
PA,Paraguay,1976,78.8,226.6,240.4,215.2,159.2,83.4,15,5.093,2.4844,1.05,58.01,66.97,51.29,69.33
PA,Paraguay,1977,80,226,232,205,149,75,15,4.91,2.3951,1.05,58.01,67.15,51.29,69.52
PA,Paraguay,1978,81.4,224.5,230.5,204.3,148.4,74.6,14.8,4.8925,2.3866,1.05,58.01,67.32,51.29,69.71
PA,Paraguay,1979,82.8,223,229,203.5,147.8,74.2,14.7,4.875,2.378,1.05,58.01,67.49,51.29,69.89
PA,Paraguay,1980,84.3,221.5,227.5,202.7,147.2,73.8,14.5,4.8575,2.3695,1.05,56.75,67.84,50.23,70.23
PA,Paraguay,1981,85.7,220,226,202,146.7,73.3,14.3,4.84,2.361,1.05,55.52,68.19,49.2,70.56
PA,Paraguay,1982,87.1,218.5,224.5,201.3,146.1,72.9,14.2,4.8225,2.3524,1.05,54.31,68.53,48.18,70.89
PA,Paraguay,1983,88.5,217,223,200.5,145.5,72.5,14,4.805,2.3439,1.05,53.13,68.86,47.19,71.21
PA,Paraguay,1984,89.9,215.5,221.5,199.7,144.9,72.1,13.8,4.7875,2.3354,1.05,51.98,69.19,46.22,71.53
PA,Paraguay,1985,91.3,214,220,199,144.3,71.7,13.7,4.77,2.3268,1.05,50.85,69.52,45.26,71.84
PA,Paraguay,1986,92.7,212.5,218.5,198.2,143.8,71.2,13.5,4.7525,2.3183,1.05,49.74,69.83,44.33,72.14
PA,Paraguay,1987,94.2,211,217,197.5,143.2,70.8,13.3,4.735,2.3098,1.05,48.66,70.15,43.41,72.44
PA,Paraguay,1988,95.6,209.5,215.5,196.8,142.6,70.4,13.2,4.7175,2.3012,1.05,47.6,70.46,42.52,72.73
PA,Paraguay,1989,97,208,214,196,142,70,13,4.7,2.2927,1.05,46.56,70.76,41.64,73.02
PA,Paraguay,1990,100.3,209.3,214.3,183.3,133.3,67,13,4.6033,2.2455,1.05,45.55,71.06,40.77,73.31
PA,Paraguay,1991,103.7,210.7,214.7,170.7,124.7,64,13,4.5067,2.1984,1.05,44.55,71.35,39.93,73.59
PA,Paraguay,1992,107,212,215,158,116,61,13,4.41,2.1512,1.05,43.58,71.64,39.1,73.86
PA,Paraguay,1993,102.8,210.6,212.3,156.5,118.8,55,13,4.345,2.1195,1.05,42.32,71.89,37.49,74.21
PA,Paraguay,1994,98.6,209.1,209.6,155.1,121.6,49,13,4.28,2.0878,1.05,41.1,72.14,35.94,74.56
PA,Paraguay,1995,94.3,207.7,206.9,153.6,124.4,43,13,4.215,2.0561,1.05,39.92,72.39,34.45,74.89
PA,Paraguay,1996,90.1,206.2,204.2,152.2,127.2,37,13,4.15,2.0244,1.05,38.6,72.66,33.2,75.18
PA,Paraguay,1997,82.4,192.2,189.8,143.1,118.4,37,13,3.88,1.8927,1.05,37.32,72.92,31.99,75.46
PA,Paraguay,1998,74.7,178.1,175.4,134.1,109.7,37,13,3.61,1.761,1.05,36.08,73.18,30.82,75.73
PA,Paraguay,1999,67,164,161,125,101,37,13,3.34,1.6293,1.05,34.87,73.43,29.7,76
PA,Paraguay,2000,66.4,159.4,154.7,124.1,90.4,36.7,13,3.2233,1.5723,1.05,33.71,73.68,28.61,76.27
PA,Paraguay,2001,65.7,154.8,148.5,123.1,79.7,36.4,13,3.1067,1.5155,1.05,32.57,73.93,27.55,76.54
PA,Paraguay,2002,65.1,150.3,142.2,122.2,69.1,36.1,13,2.99,1.4585,1.05,31.46,74.18,26.53,76.8
PA,Paraguay,2003,64.6,142.7,139.9,115.9,64.1,34.5,13,2.8737,1.4018,1.05,30.39,74.42,25.54,77.05
PA,Paraguay,2004,64.1,135.1,137.6,109.6,59.1,33,13,2.7575,1.3451,1.05,29.36,74.65,24.59,77.3
PA,Paraguay,2005,63.5,127.6,135.3,103.3,54,31.5,13,2.6412,1.2884,1.05,28.36,74.89,23.67,77.55
PA,Paraguay,2006,63,120,133,97,49,30,13,2.525,1.2317,1.05,27.39,75.11,22.8,77.79
PA,Paraguay,2007,56.4,113.3,132,97.6,47.9,28,11.6,2.4338,1.1872,1.05,26.45,75.34,21.96,78.02
PA,Paraguay,2008,49.8,106.6,131,98.2,46.8,25.9,10.3,2.3425,1.1427,1.05,25.55,75.56,21.16,78.26
PA,Paraguay,2009,43.2,99.9,130,98.8,45.7,23.9,8.9,2.2513,1.0982,1.05,24.68,75.77,20.38,78.49
PA,Paraguay,2010,36.6,93.2,128.9,99.3,44.6,21.8,7.5,2.16,1.0537,1.05,23.83,75.99,19.62,78.71
PA,Paraguay,2011,33,89.5,128.4,99.7,44,20.7,6.8,2.11,1.0293,1.05,23.02,76.19,18.91,78.93
PA,Paraguay,2012,29.4,85.8,127.8,100,43.4,19.6,6,2.06,1.0049,1.05,22.24,76.4,18.23,79.14
PA,Paraguay,2013,25.8,82.1,127.3,100.3,42.8,18.5,5.3,2.01,0.9805,1.05,21.48,76.6,17.57,79.35
PA,Paraguay,2014,22.2,78.5,126.7,100.6,42.2,17.3,4.5,1.96,0.9561,1.05,20.75,76.8,16.93,79.56
PA,Paraguay,2015,18.5,74.8,126.2,100.9,41.6,16.2,3.8,1.91,0.9317,1.05,20.05,76.99,16.31,79.77
PA,Paraguay,2016,18.3,74.6,126.1,101,41.5,16.2,3.7,1.9069,0.9302,1.05,19.38,77.18,15.74,79.97
PA,Paraguay,2017,18.1,74.3,126.1,101,41.5,16.1,3.7,1.9037,0.9286,1.05,18.73,77.36,15.19,80.16
PA,Paraguay,2018,17.9,74.1,126.1,101,41.5,16,3.6,1.9006,0.9271,1.05,18.1,77.55,14.66,80.35
PA,Paraguay,2019,17.6,73.9,126,101,41.4,15.9,3.6,1.8974,0.9256,1.05,17.49,77.73,14.14,80.54
PA,Paraguay,2020,17.4,73.6,126,101,41.4,15.9,3.5,1.8943,0.924,1.05,16.91,77.9,13.65,80.73
PA,Paraguay,2021,17.2,73.4,126,101.1,41.3,15.8,3.5,1.8911,0.9225,1.05,16.36,78.07,13.19,80.91
PA,Paraguay,2022,16.9,73.2,125.9,101.1,41.3,15.7,3.4,1.888,0.921,1.05,15.82,78.24,12.75,81.08
PA,Paraguay,2023,16.7,72.9,125.9,101.1,41.3,15.7,3.4,1.8849,0.9195,1.05,15.31,78.41,12.32,81.26
PE,Peru,1981,82.5,206.6,222.2,183.1,137,67.3,16.4,4.5755,2.2365,1.0458,83.93,59.7,77.51,61.69
PE,Peru,1982,81.3,199.1,214.5,175.7,132,66.2,15.6,4.422,2.1615,1.0458,81.5,60.19,75.24,62.19
PE,Peru,1983,80.2,191.5,206.8,168.4,127,65.1,14.8,4.2685,2.0865,1.0458,78.77,60.76,72.57,62.77
PE,Peru,1984,79,184,199,161,122,64,14,4.115,2.0114,1.0458,76.13,61.31,70,63.34
PE,Peru,1985,78.6,183.5,195.3,158.9,119.7,62,13.3,4.0565,1.9828,1.0458,72.32,61.86,66.55,63.85
PE,Peru,1986,78.2,183,191.6,156.8,117.4,60,12.6,3.998,1.9542,1.0458,68.69,62.39,63.26,64.34
PE,Peru,1987,77.8,182.5,187.9,154.7,115.1,58,11.9,3.9395,1.9257,1.0458,65.23,62.9,60.14,64.81
PE,Peru,1988,77.4,182,184.2,152.6,112.8,56,11.2,3.881,1.8971,1.0458,61.95,63.4,57.16,65.26
PE,Peru,1989,77,181.5,180.5,150.5,110.5,54,10.5,3.8225,1.8685,1.0458,58.83,63.88,54.33,65.7
PE,Peru,1990,76.6,181,176.8,148.4,108.2,52,9.8,3.764,1.8399,1.0458,55.86,64.34,51.63,66.12
PE,Peru,1991,76.2,180.5,173.1,146.3,105.9,50,9.1,3.7055,1.8113,1.0458,53.03,64.79,49.07,66.52
PE,Peru,1992,75.8,180,169.4,144.2,103.6,48,8.4,3.647,1.7827,1.0458,50.35,65.22,46.63,66.91
PE,Peru,1993,75.4,179.5,165.7,142.1,101.3,46,7.7,3.5885,1.7541,1.0458,47.8,65.63,44.31,67.29
PE,Peru,1994,75,179,162,140,99,44,7,3.53,1.7255,1.0458,45.37,66.04,42.1,67.65
PE,Peru,1995,73.2,171.2,156.4,134.4,95,41.6,6.8,3.393,1.6585,1.0458,43.07,66.43,40,67.99
PE,Peru,1996,71.4,163.4,150.8,128.8,91,39.2,6.6,3.256,1.5916,1.0458,40.99,66.96,37.97,68.56
PE,Peru,1997,69.6,155.6,145.2,123.2,87,36.8,6.4,3.119,1.5246,1.0458,39.01,67.46,36.05,69.1
PE,Peru,1998,67.8,147.8,139.6,117.6,83,34.4,6.2,2.982,1.4576,1.0458,37.13,67.95,34.22,69.63
PE,Peru,1999,66,140,134,112,79,32,6,2.845,1.3907,1.0458,35.33,68.43,32.48,70.13
PE,Peru,2000,64.6,137,131.4,111,77.2,30.6,5.8,2.788,1.3628,1.0458,33.62,68.88,30.82,70.61
PE,Peru,2001,63.2,134,128.8,110,75.4,29.2,5.6,2.731,1.3349,1.0458,31.99,69.32,29.25,71.07
PE,Peru,2002,61.8,131,126.2,109,73.6,27.8,5.4,2.674,1.3071,1.0458,30.44,69.75,27.76,71.52
PE,Peru,2003,60.4,128,123.6,108,71.8,26.4,5.2,2.617,1.2792,1.0458,28.96,70.16,26.35,71.95
PE,Peru,2004,59,125,121,107,70,25,5,2.56,1.2513,1.0458,27.56,70.56,25,72.36
PE,Peru,2005,57.1,122.6,120.9,106.6,68.8,24.5,4.9,2.5267,1.2351,1.0458,26.72,70.85,24.18,72.68
PE,Peru,2006,55.2,120.2,120.8,106.1,67.5,24.1,4.8,2.4933,1.2187,1.0458,25.9,71.13,23.38,72.99
PE,Peru,2007,53.3,117.8,120.7,105.7,66.3,23.6,4.7,2.46,1.2025,1.0458,25.11,71.4,22.61,73.3
PE,Peru,2008,51.4,115.4,120.5,105.3,65,23.1,4.5,2.4267,1.1862,1.0458,24.35,71.68,21.87,73.6
PE,Peru,2009,49.5,113,120.4,104.9,63.8,22.7,4.4,2.3933,1.1699,1.0458,23.6,71.95,21.15,73.9
PE,Peru,2010,47.6,110.6,120.3,104.4,62.6,22.2,4.3,2.36,1.1536,1.0458,22.88,72.21,20.45,74.19
PE,Peru,2011,45.6,108,120.2,104,61.2,21.7,4.2,2.324,1.136,1.0458,22.18,72.47,19.77,74.48
PE,Peru,2012,43.5,105.4,120.1,103.5,59.9,21.2,4.1,2.288,1.1184,1.0458,21.5,72.73,19.12,74.76
PE,Peru,2013,41.5,102.8,119.9,103.1,58.5,20.7,3.9,2.252,1.1008,1.0458,20.85,72.98,18.49,75.05
PE,Peru,2014,39.4,100.2,119.8,102.6,57.2,20.2,3.8,2.216,1.0832,1.0458,20.21,73.23,17.88,75.33
PE,Peru,2015,37.3,97.6,119.7,102.1,55.9,19.7,3.7,2.18,1.0656,1.0458,19.59,73.48,17.29,75.6
PE,Peru,2016,35.8,95.6,119.6,101.8,54.8,19.3,3.6,2.152,1.0519,1.0458,18.97,73.73,16.71,75.87
PE,Peru,2017,34.2,93.6,119.5,101.4,53.8,18.9,3.5,2.124,1.0382,1.0458,18.37,73.98,16.15,76.14
PE,Peru,2018,32.6,91.5,119.4,101.1,52.7,18.5,3.4,2.096,1.0245,1.0458,17.79,74.22,15.62,76.41
PE,Peru,2019,31,89.5,119.3,100.7,51.7,18.1,3.3,2.068,1.0109,1.0458,17.23,74.46,15.1,76.67
PE,Peru,2020,29.4,87.5,119.2,100.3,50.7,17.7,3.2,2.04,0.9972,1.0458,16.69,74.7,14.59,76.93
PE,Peru,2021,28.2,86.1,119.1,100.1,49.9,17.5,3.1,2.02,0.9874,1.0458,16.18,74.93,14.13,77.18
PE,Peru,2022,27.1,84.6,119,99.8,49.2,17.2,3,2,0.9776,1.0458,15.68,75.15,13.68,77.42
PE,Peru,2023,26,83.2,119,99.6,48.4,16.9,3,1.98,0.9678,1.0458,15.2,75.37,13.24,77.67
UY,Uruguay,1984,51,121,130,94,53,19,2,2.35,1.143,1.0561,29,71.11,26.17,74.19
UY,Uruguay,1985,55.8,131,135.6,98.9,55.5,17.6,1.6,2.4804,1.2064,1.0561,30.35,72.03,26.76,75.63
UY,Uruguay,1986,57.1,128.6,137.8,97.8,57.4,16.2,1.5,2.4821,1.2075,1.0556,27.83,72.13,24.66,75.56
UY,Uruguay,1987,53.6,123.6,136.3,97.7,55.9,16,1.6,2.423,1.1798,1.0537,23.87,72.39,21.17,75.8
UY,Uruguay,1988,57,128.4,137.7,97.8,57.3,16.2,1.5,2.4799,1.2087,1.0517,23.12,72.52,20.51,75.92
UY,Uruguay,1989,58.3,130.3,138.3,97.9,57.9,16.3,1.5,2.5022,1.2207,1.0499,22.03,72.67,19.55,76.06
UY,Uruguay,1990,60.6,133.5,139.3,98,58.8,16.5,1.5,2.5406,1.2405,1.048,20.62,72.56,18.31,75.95
UY,Uruguay,1991,55.2,125.9,137,97.7,56.6,16.1,1.5,2.45,1.1974,1.046,20.76,73.06,18.43,76.42
UY,Uruguay,1992,52.9,122.7,136,97.7,55.6,15.9,1.6,2.4117,1.1798,1.0441,18.52,73.27,16.46,76.61
UY,Uruguay,1993,56.5,127.7,137.5,97.8,57.1,16.2,1.5,2.4719,1.2104,1.0422,20.48,72.72,18.19,76.09
UY,Uruguay,1994,55.7,126.6,137.2,97.8,56.8,16.1,1.5,2.4583,1.2048,1.0404,18.98,73.52,16.87,76.84
UY,Uruguay,1995,54,124.2,136.5,97.7,56.1,16,1.6,2.43,1.1921,1.0385,19.89,73.06,17.67,76.4
UY,Uruguay,1996,76.6,125.7,133.3,100.8,54.1,15.8,1.2,2.5373,1.2459,1.0365,18.06,73.64,16.07,76.95
UY,Uruguay,1997,73.2,122.5,132.5,100.6,53.2,15.7,1.2,2.4947,1.225,1.0366,16.36,74.09,14.57,77.36
UY,Uruguay,1998,62.2,112.2,130,99.8,50.6,15.2,1.3,2.3569,1.1573,1.0365,15.92,73.65,14.18,76.95
UY,Uruguay,1999,59.8,109.9,129.5,99.6,50,15.1,1.4,2.3262,1.1423,1.0365,14.29,73.74,12.74,77.03
UY,Uruguay,2000,55.2,105.6,128.4,99.3,48.9,14.9,1.4,2.2682,1.1138,1.0365,13.91,74.66,12.41,77.9
UY,Uruguay,2001,52,102.5,127.7,99,48.1,14.8,1.5,2.2277,1.0938,1.0366,13.78,74.54,12.3,77.79
UY,Uruguay,2002,51.5,102.1,127.5,99,48,14.8,1.5,2.2217,1.0909,1.0366,13.64,74.56,12.17,77.81
UY,Uruguay,2003,46.8,97.7,126.5,98.7,46.9,14.6,1.5,2.163,1.0621,1.0366,14.76,74.29,13.16,77.55
UY,Uruguay,2004,44.8,95.8,126,98.5,46.4,14.5,1.6,2.1374,1.0495,1.0365,13.11,74.65,11.71,77.89
UY,Uruguay,2005,34.2,85.8,123.6,97.7,43.8,14,1.7,2.0042,0.9841,1.0365,12.41,74.79,11.09,78.02
UY,Uruguay,2006,35.3,86.8,123.8,97.8,44.1,14.1,1.7,2.0179,0.9909,1.0365,10.55,75.52,9.46,78.71
UY,Uruguay,2007,33.1,84.8,123.3,97.7,43.6,14,1.7,1.9909,0.9776,1.0365,10.4,75.64,9.3,78.85
UY,Uruguay,2008,31,82.8,122.8,97.5,43.1,13.9,1.7,1.964,0.9644,1.0365,10.24,75.76,9.14,78.98
UY,Uruguay,2009,28.8,80.7,122.3,97.4,42.5,13.8,1.8,1.937,0.9511,1.0365,10.09,75.88,8.99,79.12
UY,Uruguay,2010,26.7,78.7,121.8,97.2,42,13.7,1.8,1.91,0.9379,1.0365,9.94,76,8.83,79.25
UY,Uruguay,2011,25.3,77.4,121.5,97.1,41.7,13.6,1.8,1.892,0.929,1.0366,9.69,76.21,8.61,79.46
UY,Uruguay,2012,23.8,76,121.2,97,41.3,13.6,1.8,1.874,0.9202,1.0365,9.44,76.41,8.38,79.66
UY,Uruguay,2013,22.4,74.7,120.9,96.9,41,13.5,1.8,1.856,0.9114,1.0365,9.2,76.61,8.17,79.86
UY,Uruguay,2014,21,73.3,120.5,96.8,40.6,13.5,1.9,1.838,0.9025,1.0365,8.97,76.81,7.95,80.06
UY,Uruguay,2015,19.5,72,120.2,96.7,40.3,13.4,1.9,1.82,0.8937,1.0365,8.74,77,7.75,80.26
UY,Uruguay,2016,18.7,71.2,120,96.6,40.1,13.4,1.9,1.81,0.8888,1.0365,8.54,77.19,7.56,80.45
UY,Uruguay,2017,18,70.5,119.8,96.6,39.9,13.3,1.9,1.8,0.8839,1.0365,8.33,77.37,7.38,80.63
UY,Uruguay,2018,17.2,69.7,119.6,96.5,39.7,13.3,1.9,1.79,0.8789,1.0366,8.14,77.55,7.21,80.81
UY,Uruguay,2019,16.4,69,119.5,96.5,39.5,13.3,1.9,1.78,0.874,1.0365,7.94,77.73,7.03,80.99
UY,Uruguay,2020,15.6,68.2,119.3,96.4,39.3,13.2,1.9,1.77,0.8691,1.0366,7.75,77.91,6.86,81.17
UY,Uruguay,2021,15.1,67.8,119.2,96.4,39.2,13.2,1.9,1.764,0.8662,1.0366,7.58,78.08,6.71,81.34
UY,Uruguay,2022,14.6,67.3,119.1,96.3,39.1,13.2,1.9,1.758,0.8632,1.0365,7.41,78.25,6.56,81.51
UY,Uruguay,2023,14.1,66.9,119,96.3,39,13.2,1.9,1.752,0.8603,1.0365,7.25,78.42,6.42,81.67
VE,Venezuela,1990,102.2,191.4,175.2,128,75.8,28.1,5.4,3.53,1.722,1.05,34.02,69.98,29.63,72.94
VE,Venezuela,1991,101.2,187.9,171.2,124.6,73.7,27.3,5.3,3.456,1.6859,1.05,32.37,70.3,28.32,73.25
VE,Venezuela,1992,100.3,184.5,167.1,121.3,71.5,26.5,5.2,3.382,1.6498,1.05,30.81,70.6,27.06,73.57
VE,Venezuela,1993,99.3,181.1,163.1,117.9,69.3,25.6,5.1,3.308,1.6137,1.05,29.31,70.9,25.86,73.87
VE,Venezuela,1994,98.4,177.7,159.1,114.6,67.2,24.8,5,3.234,1.5776,1.05,27.89,71.19,24.71,74.18
VE,Venezuela,1995,97.5,174.3,155.1,111.2,65,24,4.9,3.16,1.5415,1.05,26.54,71.47,23.61,74.47
VE,Venezuela,1996,96.6,171.2,151.5,108.2,63.1,23.3,4.8,3.094,1.5093,1.05,25.25,71.75,22.56,74.77
VE,Venezuela,1997,95.8,168.2,147.9,105.2,61.2,22.6,4.7,3.028,1.4771,1.05,24.02,72.02,21.56,75.06
VE,Venezuela,1998,94.9,165.1,144.3,102.2,59.3,21.9,4.6,2.962,1.4449,1.05,22.85,72.28,20.59,75.34
VE,Venezuela,1999,94.1,162.1,140.8,99.2,57.3,21.2,4.5,2.896,1.4127,1.05,21.74,72.54,19.68,75.62
VE,Venezuela,2000,93.3,159,137.2,96.2,55.4,20.5,4.4,2.83,1.3805,1.05,20.68,72.79,18.8,75.9
VE,Venezuela,2001,92.8,157.3,135.2,94.4,54.2,19.9,4.3,2.79,1.361,1.05,19.83,72.99,18.21,76.09
VE,Venezuela,2002,92.9,154.7,133.1,93.8,53.7,19.7,4.2,2.76,1.3463,1.05,19.02,73.18,17.64,76.28
VE,Venezuela,2003,93.2,151.2,130.3,92.9,53.1,19.4,4,2.72,1.3268,1.05,18.24,73.37,17.08,76.47
VE,Venezuela,2004,93.3,148.6,128.3,92.2,52.6,19.1,3.9,2.69,1.3122,1.05,17.49,73.56,16.55,76.66
VE,Venezuela,2005,93.6,145.1,125.5,91.4,51.9,18.8,3.8,2.65,1.2927,1.05,16.77,73.74,16.03,76.84
VE,Venezuela,2006,93.7,142.5,123.4,90.7,51.4,18.6,3.6,2.62,1.278,1.05,16.47,73.81,15.83,76.91
VE,Venezuela,2007,94,139,120.7,89.8,50.8,18.3,3.5,2.58,1.2585,1.05,16.17,73.89,15.64,76.98
VE,Venezuela,2008,94.2,136.4,118.6,89.2,50.3,18,3.4,2.55,1.2439,1.05,15.88,73.96,15.45,77.05
VE,Venezuela,2009,94.3,133.8,116.5,88.5,49.8,17.8,3.3,2.52,1.2293,1.05,15.6,74.03,15.26,77.12
VE,Venezuela,2010,94.5,131.2,114.5,87.8,49.3,17.5,3.1,2.49,1.2146,1.05,15.32,74.1,15.07,77.19
VE,Venezuela,2011,94.6,129.4,113.1,87.4,49,17.4,3.1,2.47,1.2049,1.05,15.05,74.17,14.89,77.26
VE,Venezuela,2012,94.7,127.7,111.7,87,48.7,17.2,3,2.45,1.1951,1.05,14.46,74.52,14.19,77.63
VE,Venezuela,2013,91.4,125.1,111.9,87.3,48.3,17.1,3,2.42,1.1805,1.05,13.9,74.87,13.53,77.99
VE,Venezuela,2014,89.1,123.4,112.1,87.6,48,16.9,2.9,2.4,1.1707,1.05,13.35,75.2,12.9,78.34
VE,Venezuela,2015,85.7,120.8,112.4,87.9,47.6,16.8,2.9,2.37,1.1561,1.05,12.84,75.54,12.3,78.69
VE,Venezuela,2016,83.4,119.1,112.5,88.2,47.3,16.7,2.9,2.35,1.1463,1.05,12.51,75.75,11.93,78.91
VE,Venezuela,2017,80.1,116.5,112.8,88.5,46.8,16.5,2.8,2.32,1.1317,1.05,12.19,75.96,11.58,79.12
VE,Venezuela,2018,77.8,114.7,113,88.8,46.6,16.4,2.8,2.3,1.122,1.05,11.88,76.17,11.23,79.33
VE,Venezuela,2019,75.5,113,113.1,89,46.3,16.3,2.8,2.28,1.1122,1.05,11.57,76.37,10.9,79.54
VE,Venezuela,2020,73.3,111.3,113.3,89.3,46,16.2,2.7,2.26,1.1024,1.05,11.28,76.57,10.57,79.75
VE,Venezuela,2021,71,109.6,113.5,89.5,45.7,16,2.7,2.24,1.0927,1.05,11,76.77,10.27,79.95
VE,Venezuela,2022,68.8,107.8,113.6,89.7,45.4,15.9,2.7,2.22,1.0829,1.05,10.72,76.96,9.97,80.14
VE,Venezuela,2023,66.5,106.1,113.8,90,45.1,15.8,2.7,2.2,1.0732,1.05,10.46,77.15,9.69,80.34
